time,ax (m/s^2),ay (m/s^2),az (m/s^2),aT (m/s^2)
0.012478,-0.0014,0.2664,0.1054,0.287
0.012924,-0.1108,0.3338,0.0660,0.358
0.016105,-0.0839,0.2920,0.0542,0.309
0.026174,0.0245,0.0868,0.1104,0.143
0.037162,0.0512,-0.1181,0.1933,0.232
0.047065,0.0508,-0.2137,0.3300,0.396
0.056268,-0.0040,-0.1316,0.3700,0.393
0.066732,-0.0724,-0.0076,0.3123,0.321
0.076241,-0.1546,0.1312,0.1161,0.234
0.086910,-0.1821,0.2428,-0.0532,0.308
0.097102,-0.1138,0.3133,-0.2081,0.393
0.107335,-0.0039,0.3424,-0.1845,0.389
0.117552,0.0791,0.3301,-0.1325,0.364
0.133101,0.1073,0.1813,-0.0120,0.211
0.136686,0.0398,0.0325,0.0814,0.096
0.147378,-0.0550,-0.0484,0.1342,0.153
0.158781,-0.1494,0.0068,0.1194,0.191
0.166229,-0.1886,0.1023,0.0923,0.234
0.176184,-0.1046,0.1834,0.0534,0.218
0.190139,-0.0340,0.2366,0.0433,0.243
0.196123,0.0093,0.2621,0.0203,0.263
0.206165,0.0657,0.2604,0.0111,0.269
0.216701,0.1078,0.2042,0.0151,0.231
0.226378,0.1086,0.1618,-0.0224,0.196
0.239826,0.0683,0.1198,-0.0196,0.139
0.246593,0.0276,0.0779,0.0779,0.114
0.259048,-0.0134,0.0772,0.1202,0.143
0.266813,-0.0547,0.0904,0.1482,0.182
0.278265,-0.0692,0.1446,0.1485,0.219
0.290977,-0.0842,0.1580,0.1215,0.216
0.297843,-0.0723,0.1848,0.0129,0.199
0.312340,-0.0197,0.1843,-0.0409,0.190
0.317418,-0.0214,0.1564,-0.0809,0.177
0.326303,-0.0092,0.1559,-0.0939,0.182
0.337352,-0.0238,0.1553,-0.0385,0.162
0.348903,-0.0381,0.1410,0.0446,0.153
0.361130,-0.0249,0.1131,0.1004,0.153
0.367015,-0.0383,0.1261,0.1289,0.184
0.376334,-0.0508,0.0985,0.1436,0.181
0.390326,-0.0354,0.1119,0.1310,0.176
0.397919,-0.0336,0.1253,0.1321,0.185
0.407638,-0.0457,0.1250,0.1195,0.179
0.416967,-0.0444,0.1656,0.0795,0.189
0.426311,-0.0432,0.1790,0.0803,0.201
0.437046,-0.0285,0.1653,0.0400,0.172
0.447393,0.0133,0.1518,-0.0008,0.152
0.461439,-0.0132,0.1249,-0.0014,0.126
0.467679,0.0012,0.0981,-0.0158,0.099
0.478064,0.0154,0.0984,-0.0300,0.104
0.490350,-0.0114,0.1122,0.0107,0.113
0.496439,0.0026,0.1258,0.0381,0.131
0.506704,-0.0380,0.0168,0.0791,0.089
0.516342,-0.0921,-0.0377,0.1200,0.156
0.526353,-0.1324,-0.0376,0.0928,0.166
0.540424,-0.1315,-0.0102,0.0383,0.137
0.546604,-0.0624,0.0307,-0.0159,0.071
0.561140,-0.0476,0.0987,-0.0291,0.113
0.566615,-0.0732,0.1803,-0.0421,0.199
0.576700,-0.1252,0.2483,-0.0411,0.281
0.589939,-0.1624,0.2754,0.0555,0.325
0.596956,-0.1438,0.3028,0.1792,0.380
0.608351,-0.0836,0.2895,0.1529,0.338
0.618527,0.0175,0.2625,0.0994,0.281
0.628896,0.1041,0.2624,0.0328,0.284
0.641587,0.1891,0.2617,-0.0466,0.326
0.649259,0.2996,0.1922,-0.0975,0.369
0.660610,0.3413,0.0949,-0.1070,0.370
0.677273,0.3770,0.0631,-0.0442,0.385
0.686746,0.3676,0.0196,0.0134,0.368
0.696354,0.4210,0.0303,0.1246,0.440
0.707849,0.3201,0.1496,0.2351,0.424
0.716319,0.1353,0.2007,0.2497,0.348
0.726283,0.0591,0.2111,0.2776,0.354
0.740082,0.0113,0.1537,0.2369,0.283
0.746372,0.0196,0.0832,0.1410,0.165
0.760823,0.0435,0.0544,0.0984,0.121
0.766286,0.0557,0.0946,0.1361,0.175
0.776676,0.0697,0.1359,0.2400,0.284
0.787936,0.0443,0.2057,0.3689,0.425
0.797290,0.0607,0.1816,0.4133,0.456
0.807898,0.0645,0.1585,0.3060,0.351
0.817595,0.0972,0.0676,0.0897,0.149
0.827607,0.0368,0.0169,-0.0702,0.081
0.837734,-0.0354,0.0201,-0.1056,0.113
0.847722,-0.2011,0.0363,-0.0439,0.209
0.858865,-0.3377,0.0932,0.0461,0.353
0.866994,-0.3494,0.1502,0.0960,0.392
0.876151,-0.2502,0.2205,-0.0302,0.335
0.887115,-0.0547,0.2357,-0.2090,0.320
0.897552,0.0592,0.2357,-0.3300,0.410
0.906127,0.0504,0.2336,-0.3785,0.448
0.916320,-0.0400,0.2025,-0.2460,0.321
0.926368,-0.1300,0.1295,-0.0295,0.186
0.940111,-0.1918,0.0569,0.1593,0.256
0.947490,-0.2931,0.0807,0.2780,0.412
0.960411,-0.3790,0.1057,0.2584,0.471
0.966355,-0.4630,0.0908,0.1420,0.493
0.976304,-0.4906,0.0493,0.0795,0.499
0.986344,-0.3538,-0.0056,0.0439,0.357
0.996425,-0.3796,-0.0331,0.0351,0.383
1.007514,-0.3627,0.0626,-0.0014,0.368
1.016307,-0.2487,0.1317,0.0427,0.285
1.026275,-0.0931,0.1610,0.0713,0.199
1.038276,0.0345,0.1911,0.0705,0.207
1.047024,0.0651,0.2080,0.0410,0.222
1.057874,0.0667,0.1839,0.0113,0.196
1.067352,0.0528,0.1183,-0.0040,0.130
1.077034,0.0646,0.0929,-0.0320,0.118
1.089877,0.1155,0.0398,-0.0186,0.124
1.097021,0.1359,-0.0274,-0.0324,0.142
1.106625,0.0975,-0.0406,-0.0190,0.107
1.116952,0.0005,-0.0001,-0.0187,0.019
1.126730,-0.1264,0.1351,0.0777,0.201
1.139097,-0.2670,0.2972,0.1201,0.417
1.147096,-0.2430,0.3641,0.1490,0.462
1.159599,-0.1769,0.3904,0.1233,0.446
1.168173,-0.0690,0.3349,0.0298,0.343
1.176760,-0.0019,0.2793,0.0183,0.280
1.190851,-0.0025,0.1964,0.1296,0.235
1.196768,-0.0429,0.1816,0.2411,0.305
1.207121,-0.0408,0.1262,0.2981,0.326
1.217962,0.0037,0.0715,0.2314,0.242
1.226696,0.0215,0.0313,0.1766,0.181
1.237162,0.0663,0.0192,0.1473,0.163
1.247311,0.0694,0.0213,0.1436,0.161
1.259169,0.0442,0.0238,0.2206,0.226
1.267202,0.0457,0.0129,0.2833,0.287
1.277693,0.0738,0.0023,0.2363,0.248
1.287007,0.1005,0.0059,0.2967,0.313
1.296781,0.0982,0.0513,0.4362,0.450
1.307650,0.0401,0.1251,0.5730,0.588
1.316718,0.0490,0.1179,0.5306,0.546
1.326558,-0.1871,0.0705,0.4189,0.464
1.340857,-0.3131,-0.0039,0.2115,0.378
1.347813,-0.3563,-0.0647,0.0860,0.372
1.372903,-0.3446,-0.0441,0.0565,0.352
1.373581,-0.3175,0.0989,0.0008,0.333
1.383140,-0.2461,0.2414,-0.1075,0.361
1.389747,-0.2117,0.3831,-0.2268,0.493
1.397497,-0.1061,0.3881,-0.3440,0.529
1.410217,0.0279,0.3382,-0.3783,0.508
1.419162,0.1073,0.2323,-0.3413,0.427
1.428615,0.0906,0.1647,-0.2034,0.277
1.440774,0.0324,0.1760,-0.0322,0.182
1.450931,0.0004,0.2531,0.0892,0.268
1.459999,-0.0058,0.3428,0.1717,0.383
1.469342,-0.0268,0.3370,0.2134,0.400
1.487694,0.0077,0.2442,0.2123,0.324
1.496842,0.0892,0.0350,0.1820,0.206
1.506468,0.1541,-0.1190,0.2447,0.313
1.517632,0.1622,-0.2723,0.3463,0.469
1.526871,0.0604,-0.3013,0.4982,0.585
1.537316,-0.0683,-0.2593,0.5487,0.611
1.547709,-0.1548,-0.1051,0.4972,0.531
1.557924,-0.1446,0.0654,0.3992,0.430
1.567157,-0.0926,0.3056,0.2979,0.437
1.576869,0.0416,0.4099,0.1551,0.440
1.587459,0.2032,0.3774,0.0680,0.434
1.597832,0.3510,0.2350,-0.0171,0.423
1.607054,0.4028,0.0780,-0.0188,0.411
1.617192,0.3846,-0.0525,0.0626,0.393
1.626842,0.2417,-0.0749,0.1451,0.292
1.637255,0.1106,-0.0708,0.1745,0.218
1.648692,0.0195,0.0415,0.1915,0.197
1.657738,-0.0038,0.1532,0.2235,0.271
1.668881,-0.0143,0.2504,0.2164,0.331
1.676616,0.0426,0.2921,0.1566,0.334
1.687924,0.1663,0.2922,0.1258,0.359
1.697312,0.2480,0.2372,0.1093,0.360
1.708459,0.2883,0.1140,0.0928,0.324
1.718845,0.1934,0.0320,0.1031,0.221
1.727214,0.0457,0.0048,0.1406,0.148
1.737566,-0.1135,0.0050,0.1918,0.223
1.747212,-0.2571,0.0737,0.2696,0.380
1.758839,-0.3180,0.1159,0.2783,0.438
1.766793,-0.3367,0.1315,0.2585,0.444
1.776959,-0.2844,0.1343,0.2651,0.411
1.787479,-0.1876,0.1377,0.2304,0.327
1.797053,-0.1021,0.0870,0.1819,0.226
1.808087,0.0120,0.0910,0.1470,0.173
1.819157,0.0723,0.0679,0.1256,0.160
1.827378,0.1332,0.0585,0.0905,0.171
1.837998,0.1125,0.0355,0.1233,0.171
1.847902,0.0236,0.0534,0.1288,0.141
1.857351,-0.0930,0.0984,0.1481,0.201
1.867615,-0.2237,0.1703,0.1272,0.309
1.877415,-0.2868,0.2282,0.1479,0.395
1.889964,-0.2143,0.2584,0.1286,0.360
1.897843,-0.1016,0.2882,0.0692,0.313
1.907616,0.0243,0.2903,0.0379,0.294
1.917762,0.1496,0.2239,-0.1015,0.288
1.926785,0.2464,0.1706,-0.1582,0.339
1.941974,0.3145,0.1028,-0.0908,0.343
1.947293,0.2987,0.0885,0.0191,0.312
1.962825,0.2131,0.0873,0.1570,0.279
1.967001,0.0992,0.0859,0.1995,0.239
1.976613,-0.0288,0.1119,0.2144,0.244
1.988593,-0.0757,0.1380,0.1881,0.245
1.997770,-0.0556,0.1369,0.2159,0.262
2.008117,-0.0772,0.0948,0.2571,0.285
2.018556,-0.0715,0.0938,0.2297,0.258
2.027647,-0.0381,0.0798,0.1601,0.183
2.039755,-0.0035,0.0667,0.0207,0.070
2.048083,0.0187,0.0681,-0.0387,0.080
2.064884,0.0284,0.0564,-0.0446,0.077
2.067977,0.0250,0.0993,-0.0369,0.109
2.081262,0.0366,0.1421,-0.0013,0.147
2.087191,0.0634,0.1438,0.0352,0.161
2.097853,0.1177,0.1725,0.0589,0.217
2.107920,0.1035,0.1873,0.0150,0.215
2.118883,0.0886,0.1608,0.0129,0.184
2.126984,0.1411,0.1879,-0.0283,0.237
2.141178,0.1117,0.1596,-0.0672,0.206
2.147769,0.0823,0.1577,-0.0361,0.181
2.163691,0.0653,0.1416,-0.0042,0.156
2.167549,0.0871,0.1118,0.0410,0.148
2.176946,-0.0012,0.0957,0.0449,0.106
2.188900,-0.0486,0.0798,0.0074,0.094
2.198137,-0.1088,0.1049,0.0105,0.152
2.207917,-0.1543,0.1303,0.0542,0.209
2.218766,-0.1717,0.1559,0.1249,0.263
2.228632,-0.1886,0.1818,0.1271,0.291
2.239930,-0.1496,0.1263,0.1016,0.221
2.250820,-0.1349,0.1123,0.0076,0.176
2.258573,-0.1170,0.1396,-0.0185,0.183
2.269509,-0.0563,0.1401,-0.0311,0.154
2.287311,-0.0151,0.1957,-0.0427,0.201
2.296925,0.0185,0.1961,-0.0553,0.205
2.307954,0.0647,0.1826,-0.0403,0.198
2.318145,0.0687,0.1551,-0.0111,0.170
2.326699,0.0446,0.1681,-0.0085,0.174
2.337458,0.0335,0.1670,0.0222,0.172
2.346810,0.0489,0.1927,0.0537,0.206
2.357613,0.0218,0.1771,0.0991,0.204
2.367968,0.0199,0.1886,0.0627,0.200
2.376973,0.0570,0.2000,0.0940,0.228
2.387143,0.0386,0.1842,0.0431,0.193
2.397719,0.0200,0.1821,-0.0082,0.183
2.407338,0.0150,0.1666,-0.0597,0.178
2.417846,-0.0166,0.1648,-0.0160,0.166
2.426686,-0.0475,0.1632,-0.0407,0.175
2.437723,-0.0641,0.1889,-0.0110,0.200
2.447074,-0.0667,0.1739,-0.0221,0.188
2.459251,-0.0552,0.1589,-0.0331,0.171
2.467920,-0.0564,0.1438,-0.0165,0.155
2.476618,-0.0702,0.1558,-0.0264,0.173
2.487430,-0.0693,0.1540,-0.0083,0.169
2.497465,-0.0810,0.1385,0.0241,0.162
2.507582,-0.1190,0.1230,0.0429,0.176
2.518369,-0.1290,0.1213,0.0208,0.178
2.526650,-0.1110,0.1199,0.0526,0.172
2.538004,-0.0655,0.1189,0.0429,0.142
2.547145,-0.0744,0.1181,0.0870,0.165
2.559560,-0.0699,0.1312,0.1578,0.217
2.566953,-0.0383,0.1309,0.0782,0.157
2.576929,-0.0615,0.1171,-0.0292,0.135
2.587796,-0.0439,0.1308,-0.0416,0.144
2.598456,-0.0267,0.1446,0.0681,0.162
2.609245,-0.0098,0.1723,0.1362,0.220
2.617652,0.0202,0.1730,0.1627,0.238
2.626802,0.0499,0.1465,0.0935,0.181
2.637276,0.0655,0.1065,0.0786,0.148
2.648929,0.0938,0.0529,0.1450,0.181
2.657559,0.1072,0.0538,0.1701,0.208
2.666505,0.0779,0.0818,0.1539,0.191
2.676562,0.0878,0.1369,0.0562,0.172
2.687139,0.0828,0.1780,-0.0141,0.197
2.697745,0.0364,0.2325,-0.0977,0.255
2.707087,0.0442,0.2188,-0.1266,0.257
2.717249,0.0247,0.2322,-0.0870,0.249
2.726541,0.0190,0.2179,-0.0192,0.220
2.739324,0.0407,0.1759,0.0224,0.182
2.748208,0.0220,0.1472,0.0651,0.162
2.758133,0.0172,0.0911,0.0809,0.123
2.767483,-0.0007,0.0758,0.1107,0.134
2.776565,-0.0046,0.1013,0.1270,0.163
2.786809,-0.0081,0.0996,0.1163,0.153
2.797563,-0.0383,0.1116,0.1054,0.158
2.806639,0.0002,0.1512,0.0804,0.171
2.816946,-0.0016,0.1502,0.0685,0.165
2.826582,-0.0302,0.1629,0.0836,0.186
2.838719,-0.0583,0.1761,0.0298,0.188
2.847913,-0.0316,0.1490,0.0431,0.158
2.857799,-0.0454,0.1222,0.0555,0.142
2.866983,-0.0724,0.1367,0.0809,0.175
2.877482,-0.0446,0.1104,0.0925,0.151
2.886591,-0.0302,0.1249,0.1042,0.165
2.896549,-0.0292,0.1121,0.0347,0.121
2.906469,-0.0282,0.1263,0.0201,0.131
2.917962,-0.0136,0.1540,0.0056,0.155
2.926916,-0.0398,0.1271,-0.0084,0.133
2.937456,-0.0386,0.1408,0.0191,0.147
2.947088,-0.0373,0.1132,0.0474,0.128
2.958473,-0.0088,0.0855,-0.0191,0.088
2.967585,-0.0213,0.0984,-0.0443,0.110
2.977031,-0.0338,0.0840,0.0122,0.091
2.987531,-0.0873,0.1515,0.0958,0.199
2.999028,-0.0998,0.1511,0.1652,0.245
3.009191,-0.1258,0.1372,0.2071,0.278
3.018862,-0.1376,0.0963,0.2213,0.278
3.028597,-0.1488,0.0420,0.1808,0.238
3.040292,-0.0775,0.0155,0.1257,0.148
3.050096,0.0076,0.0305,0.0964,0.101
3.059190,0.0516,0.0187,0.0524,0.076
3.069422,0.0951,0.0614,-0.0192,0.115
3.087971,0.0992,0.0650,-0.0262,0.121
3.098299,0.0871,0.0802,-0.0431,0.126
3.108600,0.0469,0.0952,0.0220,0.108
3.117777,-0.0488,0.1372,0.0466,0.153
3.126962,-0.1042,0.1518,0.1258,0.223
3.138153,-0.1192,0.2205,0.0966,0.269
3.148604,-0.1884,0.2753,0.0548,0.338
3.159081,-0.1075,0.2753,0.0546,0.301
3.166848,-0.0263,0.2613,0.0280,0.264
3.176624,0.0277,0.1788,0.0297,0.183
3.187614,0.0136,0.1096,0.0048,0.111
3.198178,-0.0279,0.0403,-0.0063,0.049
3.207677,-0.0552,0.0120,0.0506,0.076
3.217789,-0.0948,0.0658,0.1071,0.157
3.226644,-0.0515,0.0790,0.1770,0.201
3.237949,-0.0484,0.0244,0.1645,0.173
3.246844,-0.0723,-0.0297,0.0559,0.096
3.257898,-0.0149,-0.0703,-0.0664,0.098
3.266578,0.0009,-0.0428,-0.1480,0.154
3.279678,0.0435,0.0257,-0.0123,0.052
3.290582,-0.0775,0.1492,0.2995,0.343
3.298534,-0.3208,0.2734,0.6505,0.775
3.309302,-0.3869,0.3577,0.7269,0.898
3.318437,-0.3573,0.2659,0.6103,0.756
3.326955,-0.2045,0.0524,0.2876,0.357
3.339612,-0.0369,-0.0379,-0.0497,0.073
3.347796,0.1724,-0.0331,-0.2909,0.340
3.359545,0.3811,0.0660,-0.3802,0.542
3.367522,0.5742,0.1505,-0.3724,0.701
3.378439,0.6430,0.2480,-0.3227,0.761
3.397283,0.6021,0.2906,-0.2450,0.712
3.397922,0.4917,0.2916,-0.1798,0.599
3.408304,0.3635,0.2912,0.0101,0.466
3.418860,0.0931,0.2070,0.1620,0.279
3.426706,-0.2232,0.0936,0.3032,0.388
3.438214,-0.4585,-0.0749,0.4595,0.653
3.446793,-0.6231,-0.1748,0.6015,0.884
3.457436,-0.6891,-0.1917,0.7688,1.050
3.467570,-0.7245,-0.1119,0.9205,1.177
3.477560,-0.6488,-0.0045,0.9356,1.139
3.487388,-0.4595,0.0653,0.7949,0.921
3.497256,-0.1694,0.1251,0.5387,0.578
3.507162,0.0457,0.1486,0.1784,0.237
3.517944,0.1855,0.1488,-0.0395,0.241
3.526522,0.3142,0.1365,-0.1369,0.369
3.537915,0.2520,0.1370,-0.0694,0.295
3.547533,0.0925,0.1362,0.0821,0.184
3.557929,-0.1102,0.1341,0.3447,0.386
3.568127,-0.2877,0.1445,0.5547,0.641
3.577355,-0.3442,0.1674,0.6576,0.761
3.587013,-0.3351,0.1756,0.6399,0.743
3.596537,-0.2617,0.2097,0.5288,0.626
3.607484,-0.2326,0.2428,0.3648,0.496
3.617994,-0.1912,0.2342,0.3113,0.434
3.626537,-0.1489,0.2659,0.1777,0.353
3.637425,-0.1051,0.1611,0.0997,0.217
3.646800,-0.1148,0.0971,-0.0322,0.154
3.657898,-0.1656,0.0193,-0.2047,0.264
3.667763,-0.3096,-0.1128,-0.1726,0.372
3.677475,-0.4215,-0.1219,-0.0582,0.443
3.687609,-0.4196,-0.0356,0.1118,0.436
3.698363,-0.2660,0.0777,0.2012,0.342
3.707473,-0.0185,0.2179,0.2501,0.332
3.717188,0.2532,0.3849,0.1765,0.493
3.727448,0.4806,0.4692,-0.0997,0.679
3.736937,0.6100,0.4836,-0.4809,0.915
3.747016,0.7526,0.4410,-0.7878,1.175
3.756898,0.7957,0.3952,-0.9512,1.302
3.768178,0.7626,0.2641,-0.9988,1.284
3.777432,0.6517,0.1439,-0.7701,1.019
3.789709,0.4374,0.0222,-0.4312,0.615
3.799536,0.0551,-0.0999,-0.0521,0.125
3.808337,-0.3008,-0.1808,0.2573,0.435
3.819285,-0.5181,-0.2062,0.4555,0.720
3.827943,-0.6492,-0.2166,0.4880,0.841
3.842273,-0.6122,-0.1440,0.3549,0.722
3.848316,-0.4493,-0.0565,0.2198,0.503
3.857894,-0.2027,0.0319,0.0965,0.227
3.869715,-0.0053,0.0536,0.0261,0.060
3.880521,0.1999,0.1045,-0.0058,0.226
3.897478,0.3155,0.1063,0.0373,0.335
3.908220,0.2332,0.1251,0.1107,0.287
3.919025,-0.0267,0.1319,0.1798,0.225
3.928254,-0.3421,0.1936,0.1796,0.432
3.941022,-0.4950,0.2271,0.1266,0.559
3.946513,-0.5538,0.2456,0.1037,0.615
3.957512,-0.4777,0.2762,0.0434,0.553
3.967127,-0.3075,0.2509,-0.0409,0.399
3.977348,-0.0977,0.2109,-0.1366,0.270
3.987283,0.0568,0.1430,-0.1358,0.205
3.997637,0.0610,0.0882,-0.1063,0.151
4.007523,0.0649,0.1416,-0.0345,0.160
4.017685,0.0558,0.2222,0.0651,0.238
4.027781,0.0889,0.2620,0.0831,0.289
4.037126,0.0824,0.3154,0.0335,0.328
4.047157,0.1841,0.2866,-0.0832,0.351
4.058554,0.2563,0.1889,-0.1716,0.362
4.069354,0.2309,0.0360,-0.2724,0.359
4.078778,0.1223,-0.1176,-0.3039,0.348
4.090500,-0.0549,-0.1489,-0.1307,0.206
4.096935,-0.2616,-0.0712,0.2052,0.340
4.109177,-0.4015,0.1164,0.6476,0.771
4.119055,-0.4448,0.2098,0.9241,1.047
4.128675,-0.5940,0.3312,0.9816,1.194
4.138277,-0.6316,0.3727,0.8446,1.119
4.147499,-0.6269,0.3353,0.5654,0.908
4.158667,-0.5138,0.2456,0.2667,0.629
4.168997,-0.3158,0.1577,0.0600,0.358
4.178565,-0.0842,0.0845,-0.1069,0.160
4.187775,0.1665,0.0799,-0.1509,0.238
4.197641,0.2691,0.1298,-0.1672,0.342
4.208837,0.2204,0.2335,-0.1827,0.369
4.218646,0.1007,0.3496,-0.1960,0.413
4.227857,-0.0356,0.4505,-0.1792,0.486
4.238277,-0.1609,0.4415,-0.0924,0.479
4.247326,-0.3697,0.4036,-0.0702,0.552
4.260275,-0.6204,0.2814,-0.0148,0.681
4.270129,-0.8035,0.2247,0.1019,0.841
4.277816,-0.8372,0.1387,0.1963,0.871
4.287932,-0.7619,0.0797,0.2911,0.820
4.298196,-0.6843,-0.0598,0.3154,0.756
4.310008,-0.5062,-0.1567,0.2686,0.594
4.318317,-0.4568,-0.2247,0.3009,0.591
4.329508,-0.3726,-0.2637,0.3850,0.597
4.338559,-0.3238,-0.3015,0.3990,0.596
4.347304,-0.3401,-0.4060,0.5191,0.742
4.358848,-0.5587,-0.3855,0.6599,0.947
4.368270,-0.6679,-0.3346,0.6972,1.022
4.378444,-0.6689,-0.2538,0.5773,0.919
4.388209,-0.5769,-0.0899,0.2348,0.629
4.397963,-0.1208,0.0873,-0.1217,0.192
4.410312,0.4265,0.2084,-0.3119,0.568
4.418996,1.0110,0.3546,-0.4023,1.144
4.427405,1.5061,0.4850,-0.3791,1.627
4.445538,1.7830,0.5855,-0.3106,1.902
4.447469,1.8096,0.5057,-0.1815,1.888
4.457831,1.7476,0.3818,-0.0472,1.789
4.469448,1.4905,0.1465,0.1308,1.503
4.478690,1.1387,-0.0360,0.2829,1.174
4.487467,0.7660,-0.1520,0.2459,0.819
4.497783,0.3085,-0.1878,0.2239,0.425
4.508848,-0.0401,-0.0609,0.2705,0.280
4.518746,-0.1675,0.0795,0.4390,0.477
4.527501,-0.2471,0.1934,0.5518,0.635
4.538270,-0.2766,0.2129,0.5818,0.678
4.547402,-0.3100,0.1939,0.5400,0.652
4.558784,-0.3219,0.1508,0.5056,0.618
4.567215,-0.3128,0.1385,0.4503,0.566
4.577135,-0.2923,0.0893,0.4153,0.516
4.591855,-0.2175,0.0161,0.2676,0.345
4.597767,-0.0045,-0.0417,0.0660,0.078
4.607649,0.2308,-0.0722,-0.0786,0.254
4.618187,0.3167,-0.0763,-0.0165,0.326
4.627891,0.1814,0.0138,0.1428,0.231
4.641184,-0.1200,0.0620,0.3173,0.345
4.649573,-0.4229,0.1776,0.5068,0.684
4.659304,-0.5906,0.2383,0.5610,0.849
4.671133,-0.5682,0.2577,0.4525,0.771
4.678761,-0.4101,0.2358,0.2766,0.548
4.689422,-0.1300,0.2407,-0.0750,0.284
4.708318,0.1963,0.2621,-0.3922,0.511
4.719762,0.5415,0.2649,-0.6167,0.862
4.728195,0.7764,0.2529,-0.6472,1.042
4.738356,0.7656,0.2116,-0.5090,0.943
4.746918,0.4132,0.1682,-0.3104,0.543
4.759889,-0.1187,0.1364,-0.1204,0.217
4.767812,-0.6796,0.1303,0.0457,0.694
4.778313,-1.1036,0.1646,0.2272,1.139
4.788692,-1.2262,0.2534,0.3136,1.291
4.798653,-0.9938,0.2199,0.2087,1.039
4.808161,-0.4475,0.1461,0.0752,0.477
4.818757,0.0198,0.1006,-0.0469,0.113
4.829021,0.3537,0.0153,-0.0485,0.357
4.838217,0.4857,-0.0008,0.1250,0.502
4.847393,0.4705,0.0246,0.2835,0.550
4.859208,0.3351,0.1201,0.3559,0.503
4.867656,0.0922,0.2316,0.3674,0.444
4.878753,-0.0560,0.3317,0.3455,0.482
4.887213,-0.1794,0.3650,0.3874,0.562
4.899323,-0.1829,0.2486,0.3599,0.474
4.908039,-0.1061,0.0364,0.3058,0.326
4.918547,-0.0205,-0.1766,0.2660,0.320
4.928260,-0.0372,-0.2676,0.3347,0.430
4.937765,-0.0724,-0.2360,0.4564,0.519
4.948293,-0.0944,-0.0811,0.5621,0.576
4.961302,-0.0457,0.1293,0.5975,0.613
4.967454,0.0331,0.3269,0.5224,0.617
4.978000,0.0593,0.4295,0.3241,0.541
4.987654,0.0586,0.4911,0.0991,0.504
4.997582,0.0312,0.4975,-0.0830,0.505
5.007996,0.1539,0.5165,-0.2350,0.588
5.020060,0.2621,0.4391,-0.3433,0.616
5.028194,0.2872,0.3200,-0.4224,0.603
5.037840,0.3385,0.1863,-0.4038,0.559
5.047936,0.3076,-0.0171,-0.2713,0.411
5.062014,0.2217,-0.1546,-0.0647,0.278
5.067484,0.1606,-0.2259,0.1877,0.335
5.078594,0.0547,-0.2031,0.2520,0.328
5.087414,-0.0262,-0.0993,0.2084,0.232
5.097185,-0.0121,0.1132,0.0701,0.134
5.107928,0.0434,0.2576,-0.1227,0.289
5.118866,0.1401,0.3205,-0.1937,0.400
5.128068,0.1965,0.3976,-0.1979,0.486
5.137827,0.1449,0.3256,-0.1903,0.404
5.147405,0.0673,0.2270,-0.2115,0.317
5.158188,-0.0224,0.1561,-0.2472,0.293
5.167835,-0.1522,0.0446,-0.2016,0.256
5.179528,-0.2529,-0.0258,-0.0744,0.265
5.188055,-0.3505,-0.0277,0.0664,0.358
5.197684,-0.4168,-0.0155,0.2073,0.466
5.208145,-0.4244,0.0518,0.2527,0.497
5.219530,-0.4282,0.0924,0.2434,0.501
5.228686,-0.4420,0.1334,0.1387,0.482
5.241271,-0.4117,0.2157,-0.0479,0.467
5.247753,-0.3511,0.2711,-0.1529,0.469
5.261143,-0.2341,0.3268,-0.1900,0.445
5.268738,-0.0759,0.3689,-0.2679,0.462
5.277695,0.1078,0.3561,-0.2095,0.427
5.288631,0.2474,0.3156,-0.2189,0.457
5.298972,0.3969,0.2881,-0.1732,0.520
5.307691,0.5565,0.1646,-0.1267,0.594
5.317926,0.6055,0.0541,-0.1198,0.620
5.328153,0.5415,0.0107,-0.0027,0.542
5.338354,0.4145,0.0615,0.0745,0.426
5.353327,0.2775,0.0975,0.1381,0.325
5.358861,0.1741,0.1058,0.1874,0.277
5.367718,0.0809,0.1958,0.2490,0.327
5.376937,-0.0261,0.2180,0.2549,0.336
5.389756,-0.1042,0.1861,0.3146,0.380
5.397632,-0.1792,0.1824,0.2634,0.367
5.409596,-0.1690,0.1258,0.1545,0.261
5.418190,-0.1284,0.0845,0.0694,0.169
5.427388,-0.0444,0.0581,0.0086,0.074
5.438945,-0.0679,0.0462,0.0277,0.087
5.449100,-0.0735,0.0349,0.0330,0.088
5.458339,-0.0871,0.0648,-0.0289,0.112
5.468989,-0.0415,0.1084,-0.0213,0.118
5.480339,0.0469,0.1382,-0.0534,0.155
5.494495,0.1212,0.1814,-0.0440,0.223
5.498590,0.2073,0.2648,-0.0607,0.342
5.519233,0.1967,0.2644,-0.1132,0.348
5.529187,0.1833,0.2625,-0.1213,0.342
5.537457,0.1555,0.2733,-0.1410,0.345
5.547129,0.0979,0.2291,-0.1326,0.282
5.558327,0.0779,0.1570,-0.0557,0.184
5.567686,0.0421,0.1390,-0.0603,0.157
5.579612,-0.0084,0.0800,-0.0648,0.103
5.587773,-0.0317,0.1028,0.0121,0.108
5.598932,-0.0271,0.1531,0.0613,0.167
5.607749,-0.0351,0.1629,0.0962,0.192
5.618934,-0.0147,0.1731,0.1030,0.202
5.628302,0.0474,0.1837,0.0954,0.212
5.638470,0.0830,0.1811,0.0733,0.212
5.646981,0.1331,0.1791,0.0499,0.229
5.659478,0.1431,0.1368,-0.0156,0.199
5.667923,0.0988,0.1495,0.0265,0.181
5.682497,0.0411,0.1353,0.0134,0.142
5.688062,-0.0435,0.1349,0.0269,0.144
5.697379,-0.1413,0.1210,-0.0142,0.187
5.708118,-0.1705,0.1617,0.0130,0.235
5.719092,-0.1718,0.1887,0.0404,0.258
5.727647,-0.1453,0.2020,0.0137,0.249
5.738071,-0.1316,0.2153,-0.0128,0.253
5.747504,-0.0764,0.1879,-0.0528,0.210
5.760066,-0.0610,0.1603,-0.0647,0.183
5.767782,-0.0716,0.1460,-0.0210,0.164
5.780013,-0.0808,0.1451,-0.0034,0.166
5.787707,-0.1431,0.1443,0.0146,0.204
5.797650,-0.1361,0.1436,0.0462,0.203
5.810130,-0.1013,0.1703,0.0503,0.204
5.818726,-0.0940,0.1698,0.0406,0.198
5.828387,-0.0061,0.1692,0.0034,0.169
5.837989,0.0262,0.1686,0.0069,0.171
5.847037,0.0712,0.1679,0.0238,0.184
5.858614,0.0476,0.1808,0.0405,0.191
5.867797,0.0367,0.1665,0.0704,0.185
5.881286,0.0108,0.1795,0.0591,0.189
5.888437,0.0380,0.1379,0.0747,0.161
5.896973,0.0368,0.1235,0.0627,0.143
5.908737,0.1023,0.1090,0.0504,0.158
5.918724,0.0982,0.0945,0.0241,0.138
5.926848,0.0931,0.1344,-0.0567,0.173
5.938289,0.0735,0.1604,-0.0693,0.190
5.946885,0.0673,0.1729,-0.0411,0.190
5.959855,0.0070,0.1990,0.0007,0.199
5.967285,-0.0253,0.2115,-0.0389,0.217
5.977378,-0.0567,0.1692,-0.1047,0.207
5.988301,-0.0465,0.1946,-0.1010,0.224
5.997650,-0.0493,0.1651,-0.0415,0.177
6.008485,-0.0110,0.1490,0.0186,0.151
6.016988,0.0276,0.1331,0.1055,0.172
6.032504,0.0120,0.0629,0.1374,0.152
6.037738,-0.0033,0.0885,0.1820,0.202
6.047215,-0.0452,0.0056,0.2530,0.257
6.068171,-0.0728,0.0319,0.3098,0.320
6.068988,-0.1132,0.1133,0.2426,0.291
6.078721,-0.0849,0.1548,0.1189,0.213
6.088395,-0.0562,0.1834,0.0203,0.193
6.096953,-0.0409,0.1715,-0.1062,0.206
6.108106,-0.0121,0.2003,-0.1778,0.268
6.118429,-0.0108,0.2152,-0.1126,0.243
6.128234,-0.0095,0.1754,-0.0742,0.191
6.137690,0.0324,0.1491,-0.0217,0.154
6.151632,0.0062,0.1089,0.0313,0.114
6.159777,-0.0065,0.0956,0.0446,0.106
6.167385,-0.0328,0.1224,0.0325,0.131
6.179810,-0.0183,0.1346,0.0228,0.138
6.188048,-0.0446,0.1734,0.0149,0.180
6.200096,-0.0575,0.1847,0.0077,0.194
6.208484,-0.0433,0.2095,-0.0267,0.216
6.219465,-0.0293,0.2073,-0.0343,0.212
6.228888,0.0117,0.1645,-0.0292,0.167
6.240114,0.0253,0.1492,-0.0520,0.160
6.248490,-0.0021,0.0932,-0.0754,0.120
6.258536,-0.0159,0.1054,-0.0446,0.116
6.269708,-0.0704,0.1178,-0.0143,0.138
6.279505,-0.1111,0.1440,0.0431,0.187
6.295824,-0.0701,0.1566,0.0730,0.186
6.299040,-0.0425,0.1693,0.1164,0.210
6.310934,-0.0418,0.1685,0.1460,0.227
6.328240,-0.0800,0.1674,0.1497,0.238
6.337992,-0.1050,0.1127,0.1237,0.198
6.348062,-0.1293,0.0991,0.0975,0.190
6.359353,-0.0849,0.1131,0.1113,0.180
6.367675,-0.0402,0.1005,0.1236,0.164
6.382647,0.0315,0.1022,0.1613,0.194
6.390623,0.1025,0.0637,0.1835,0.220
6.397331,0.1590,0.0391,0.2047,0.262
6.407107,0.2153,0.0556,0.2386,0.326
6.417863,0.1754,0.0586,0.2311,0.296
6.428078,0.1746,0.0479,0.2367,0.298
6.438344,0.1983,0.1052,0.2419,0.330
6.447241,0.1513,0.1485,0.2059,0.296
6.459627,0.1697,0.1780,0.1970,0.315
6.468813,0.0910,0.2208,0.1200,0.267
6.478861,0.0116,0.2225,0.0570,0.230
6.487964,-0.0808,0.2376,-0.0461,0.255
6.497686,-0.1580,0.2389,-0.1617,0.329
6.508070,-0.2197,0.2399,-0.2897,0.436
6.518044,-0.2252,0.2681,-0.3078,0.466
6.528628,-0.2158,0.2548,-0.3920,0.515
6.541335,-0.2060,0.2537,-0.4178,0.530
6.547473,-0.1402,0.2507,-0.4105,0.501
6.559979,-0.0850,0.2726,-0.3689,0.467
6.569150,-0.0674,0.2520,-0.2945,0.393
6.577657,-0.0202,0.2441,-0.2307,0.336
6.587398,0.0012,0.2087,-0.1385,0.250
6.597920,-0.0042,0.2005,-0.0871,0.219
6.607577,-0.0370,0.1654,-0.0503,0.177
6.619372,-0.0842,0.1307,-0.0018,0.156
6.628034,-0.0915,0.1514,0.0578,0.186
6.638078,-0.0453,0.1322,0.1556,0.209
6.647188,0.0137,0.0864,0.1830,0.203
6.659759,0.0857,0.0412,0.2088,0.229
6.667571,0.0342,0.0244,0.1768,0.182
6.679292,0.0627,0.0364,0.1949,0.208
6.687902,0.0759,0.0368,0.2755,0.288
6.697167,0.0333,0.0800,0.3371,0.348
6.708502,0.0174,0.0837,0.3681,0.378
6.719434,0.0150,0.0746,0.3559,0.364
6.728505,-0.0281,0.0663,0.3690,0.376
6.737450,-0.0576,0.0451,0.3667,0.374
6.748710,-0.1005,0.0651,0.3090,0.331
6.761875,-0.1839,0.0852,0.2375,0.312
6.767529,-0.2399,0.1456,0.0991,0.298
6.777925,-0.2406,0.1782,-0.0510,0.304
6.789366,-0.2260,0.1828,-0.1987,0.352
6.797589,-0.2225,0.2140,-0.2624,0.405
6.807871,-0.2027,0.2449,-0.2017,0.377
6.819575,-0.1399,0.2484,-0.1126,0.307
6.829368,-0.1166,0.2375,-0.0346,0.267
6.838532,-0.0383,0.1979,-0.0073,0.202
6.847264,0.0395,0.1432,-0.0033,0.149
6.860113,0.0891,0.0871,-0.0235,0.127
6.867479,0.1238,0.1117,-0.0141,0.167
6.877693,0.0757,0.1493,0.0101,0.168
6.888315,0.0676,0.1868,0.0343,0.202
6.896888,0.0577,0.1972,0.0574,0.213
6.909367,0.0723,0.1807,0.0924,0.215
6.919058,0.0839,0.1509,0.0711,0.187
6.927903,0.0657,0.1485,0.1029,0.192
6.937758,0.0595,0.1190,0.1066,0.170
6.947805,0.0251,0.1173,0.1087,0.162
6.961417,0.0044,0.0890,0.1362,0.163
6.967453,0.0386,0.0888,0.1754,0.200
6.978362,0.1277,0.0893,0.1857,0.242
6.987873,0.2440,0.0903,0.1675,0.309
6.997664,0.2510,0.0914,0.1079,0.288
7.008474,0.2029,0.1469,0.0483,0.255
7.019335,0.0456,0.1887,0.0571,0.202
7.028359,-0.0707,0.2167,0.1070,0.252
7.039662,-0.1451,0.2039,0.1164,0.276
7.047937,-0.1369,0.1639,0.0988,0.235
7.059368,-0.0598,0.1374,0.0543,0.159
7.069977,0.0177,0.1108,-0.0034,0.112
7.078099,0.0412,0.1250,-0.0471,0.140
7.095529,0.0241,0.1391,-0.0631,0.155
7.098680,-0.0198,0.1256,-0.0781,0.149
7.109777,-0.0763,0.1525,-0.0507,0.178
7.120275,-0.1040,0.1789,-0.0214,0.208
7.138081,-0.1139,0.1903,0.0263,0.223
7.148543,-0.0700,0.1892,0.0439,0.206
7.157684,0.0011,0.1472,0.0345,0.151
7.168103,0.0442,0.1458,0.0523,0.161
7.177336,0.0322,0.1718,0.0698,0.188
7.197243,-0.0073,0.1160,0.0190,0.118
7.198177,-0.0197,0.1286,0.0359,0.135
7.206864,-0.0322,0.1140,0.0252,0.121
7.220638,-0.0312,0.1267,0.0005,0.130
7.228544,-0.0030,0.1396,0.0300,0.143
7.238591,-0.0024,0.1527,0.0724,0.169
7.246870,0.0249,0.1524,0.1412,0.209
7.260777,0.0109,0.1525,0.1817,0.237
7.266976,-0.0580,0.0985,0.1939,0.225
7.277833,-0.0997,0.0993,0.1915,0.238
7.288108,-0.1548,0.1140,0.1341,0.234
7.298372,-0.1822,0.0879,0.0767,0.216
7.307568,-0.1278,0.1435,0.0329,0.195
7.317588,-0.0592,0.1446,0.0030,0.156
7.327918,0.0511,0.1457,0.0278,0.157
7.337823,0.1344,0.1195,-0.0152,0.180
7.361693,0.1354,0.0932,-0.0853,0.185
7.362374,0.1086,0.1484,-0.0871,0.204
7.392917,0.0135,0.1762,0.0750,0.192
7.394277,-0.0136,0.1902,0.2104,0.284
7.394944,-0.0135,0.1632,0.2913,0.334
7.405010,-0.0136,0.1091,0.2224,0.248
7.431137,0.0536,0.0548,0.1534,0.171
7.431652,0.0508,0.0140,0.0706,0.088
7.431892,0.0193,0.0275,0.0558,0.065
7.438663,-0.0804,0.0818,0.0546,0.127
7.447067,-0.1521,0.2044,0.0533,0.260
7.460010,-0.1679,0.2728,-0.0299,0.322
7.467687,-0.1555,0.3004,-0.1947,0.390
7.481933,-0.1430,0.2869,-0.3181,0.452
7.504063,-0.0750,0.2733,-0.4270,0.513
7.504385,0.0216,0.2462,-0.3996,0.470
7.509192,0.1325,0.2185,-0.2890,0.386
7.516434,0.1478,0.2167,-0.2019,0.331
7.526393,0.1084,0.2129,-0.0825,0.253
7.541872,0.0006,0.2076,0.0404,0.211
7.546420,-0.0530,0.1745,0.1509,0.237
7.557824,-0.1069,0.1145,0.2469,0.292
7.566545,-0.0656,0.0823,0.2731,0.293
7.576463,-0.0926,0.0373,0.2838,0.301
7.597663,-0.1603,0.0202,0.3063,0.346
7.597961,-0.2416,0.0720,0.3540,0.435
7.608294,-0.2274,0.0710,0.3157,0.396
7.617843,-0.1044,0.0726,0.2031,0.240
7.626364,0.0867,0.0353,0.1261,0.157
7.643618,0.2370,0.0809,0.0871,0.265
7.646467,0.2378,0.0725,0.0606,0.256
7.661002,0.1433,0.0913,0.1021,0.198
7.666524,0.0215,0.0827,0.1578,0.179
7.677848,-0.0866,0.1009,0.1327,0.188
7.704892,-0.2084,0.1322,0.0409,0.250
7.705538,-0.2891,0.1494,0.0048,0.325
7.711448,-0.2334,0.1932,-0.1250,0.328
7.726336,-0.1640,0.2903,-0.1835,0.381
7.726723,-0.1355,0.3447,-0.2920,0.472
7.742461,-0.1749,0.3293,-0.3548,0.515
7.746440,-0.2137,0.2714,-0.3726,0.508
7.758981,-0.1691,0.2261,-0.3871,0.479
7.766513,0.0948,0.1799,-0.3582,0.412
7.776422,0.3046,0.1603,-0.2729,0.439
7.797909,0.4183,0.1264,-0.1591,0.465
7.798260,0.3133,0.1602,-0.0583,0.357
7.809019,0.0986,0.1397,0.0826,0.190
7.816982,-0.0351,0.1469,0.2356,0.280
7.826953,-0.1024,0.1140,0.3997,0.428
7.844411,-0.1037,0.1091,0.5066,0.528
7.847336,-0.0794,0.0775,0.5164,0.528
7.860989,-0.1108,-0.0213,0.3736,0.390
7.867557,-0.1564,-0.0909,0.1986,0.269
7.877878,-0.2022,-0.1443,0.1808,0.307
7.909768,-0.1925,-0.1271,0.1843,0.295
7.910152,-0.0862,-0.0534,0.1698,0.198
7.910353,0.0617,0.0212,0.1394,0.154
7.926792,0.2247,0.1304,0.1048,0.280
7.936787,0.3071,0.2048,0.1163,0.387
7.947667,0.2664,0.2376,0.1433,0.385
7.958716,0.1842,0.2150,0.2130,0.354
7.967114,0.0748,0.1510,0.2432,0.296
7.976767,-0.0354,0.1409,0.2067,0.253
7.988741,-0.1333,0.0756,0.2257,0.273
7.996877,-0.1515,0.0506,0.1639,0.229
8.007652,-0.1575,0.0523,0.0621,0.177
8.017247,-0.1638,0.1081,-0.0386,0.200
8.026646,-0.1688,0.1089,-0.1652,0.260
8.039202,-0.1586,0.1503,-0.2358,0.321
8.050788,-0.1198,0.2048,-0.1687,0.291
8.056457,-0.1080,0.2455,-0.0053,0.268
8.067552,-0.0670,0.2316,0.1043,0.263
8.076595,-0.0226,0.1636,0.0918,0.189
8.091138,-0.0294,0.1093,0.0664,0.131
8.097027,-0.0892,0.0686,0.0554,0.125
8.106948,-0.0675,0.0548,0.0996,0.132
8.117144,-0.0740,0.0542,0.1034,0.138
8.126449,-0.0542,0.1081,0.1071,0.162
8.136724,-0.0626,0.1620,0.0559,0.182
8.148124,-0.0443,0.1480,0.0041,0.155
8.157307,-0.0132,0.1477,0.0196,0.150
8.166638,-0.0239,0.1339,0.0620,0.149
8.176578,-0.0627,0.1066,0.1310,0.180
8.187085,-0.0475,0.0934,0.1713,0.201
8.197599,-0.0054,0.0945,0.2370,0.255
8.206827,0.0365,0.0555,0.2599,0.268
8.217680,0.0508,0.0169,0.2133,0.220
8.226534,0.0647,0.0332,0.2339,0.245
8.237019,0.0510,0.0495,0.2131,0.225
8.247182,0.0503,0.0659,0.1649,0.185
8.257886,0.0355,0.1095,0.1437,0.184
8.266560,0.0336,0.1396,0.1221,0.188
8.280031,0.0448,0.1425,0.1137,0.188
8.287549,0.0148,0.1454,0.1188,0.188
8.297647,0.0386,0.1345,0.0967,0.170
8.306661,0.0210,0.1098,0.0752,0.135
8.317509,-0.0237,0.1120,0.0953,0.149
8.327173,-0.0136,0.1002,0.0890,0.135
8.340111,-0.0438,0.0747,0.0835,0.120
8.347049,-0.0734,0.0626,0.0377,0.104
8.358026,-0.1024,0.0775,0.0609,0.142
8.367842,-0.1313,0.1329,0.0579,0.196
8.376854,-0.1049,0.1608,0.0151,0.193
8.386863,-0.0906,0.1613,0.0140,0.186
8.397248,-0.0339,0.2161,-0.0407,0.223
8.408056,-0.0038,0.2027,-0.0401,0.207
8.419360,0.0128,0.1617,-0.0659,0.175
8.428032,0.0293,0.1340,-0.0501,0.146
8.437567,0.0180,0.1196,-0.0473,0.130
8.446791,-0.0478,0.1186,0.0106,0.128
8.458730,-0.0593,0.1312,0.0551,0.154
8.467261,-0.0981,0.1301,0.0858,0.184
8.478816,-0.1099,0.1428,0.1027,0.207
8.487218,-0.0673,0.1283,0.1056,0.179
8.497328,0.0023,0.1547,0.0673,0.169
8.507351,0.0581,0.1268,0.0560,0.150
8.517994,0.0727,0.1398,0.0579,0.168
8.528893,0.0868,0.0985,0.0729,0.150
8.537896,0.1000,0.1255,0.1142,0.197
8.547321,0.0716,0.1256,0.1136,0.184
8.561980,0.0696,0.1397,0.1390,0.209
8.568484,0.0397,0.1268,0.1360,0.190
8.579130,0.0229,0.1414,0.1461,0.205
8.588028,0.0056,0.1151,0.1285,0.173
8.597014,0.0013,0.1298,0.1652,0.210
8.610149,0.0103,0.0900,0.2015,0.221
8.619639,-0.0351,0.0913,0.1827,0.207
8.628631,-0.0391,0.1065,0.1363,0.177
8.640099,-0.0561,0.1219,0.1575,0.207
8.648492,-0.0451,0.1103,0.1105,0.162
8.660610,-0.0474,0.1395,0.0908,0.173
8.669188,-0.0763,0.1141,0.0850,0.161
8.678606,-0.0633,0.0887,-0.0290,0.113
8.698238,-0.0353,0.1313,0.0212,0.138
8.698660,-0.0472,0.1602,0.1127,0.201
8.709798,-0.0314,0.1890,0.1908,0.270
8.719885,-0.0292,0.1361,0.2145,0.256
8.728958,-0.0542,0.1104,0.1022,0.160
8.748206,-0.0229,0.0995,0.0012,0.102
8.761753,0.0060,0.0869,-0.0284,0.092
8.767823,-0.0063,0.1014,-0.0166,0.103
8.777920,-0.0052,0.1429,0.0503,0.152
8.788222,-0.0858,0.1841,0.0633,0.213
8.797653,-0.0985,0.1843,0.0222,0.210
8.809456,-0.0704,0.1980,-0.0459,0.215
8.818438,-0.0559,0.1569,-0.0722,0.182
8.827957,-0.0277,0.1698,-0.0834,0.191
8.838256,-0.0131,0.1821,-0.0521,0.190
8.850690,0.0150,0.2076,-0.0064,0.208
8.861947,0.0158,0.1923,0.0258,0.195
8.867215,0.0164,0.1634,0.0441,0.170
8.879743,0.0168,0.1345,0.0213,0.137
8.888307,0.0171,0.1059,0.0389,0.114
8.897471,0.0037,0.0773,0.0154,0.079
8.909466,0.0311,0.1168,-0.0083,0.121
8.919209,0.0036,0.1428,-0.0049,0.143
8.927966,0.0027,0.1687,0.0391,0.173
8.940904,0.0011,0.1675,0.0555,0.176
8.948396,-0.0009,0.1391,0.0850,0.163
8.958982,-0.0031,0.1380,0.0462,0.146
8.968944,-0.0323,0.1235,0.0480,0.136
8.977075,-0.0746,0.1228,0.0357,0.148
9.005266,-0.0484,0.1360,0.0638,0.158
9.005854,-0.0627,0.0949,0.0777,0.138
9.013078,-0.0497,0.1221,0.1184,0.177
9.018649,-0.0500,0.1223,0.0906,0.160
9.033407,-0.0630,0.1227,0.0896,0.165
9.051188,-0.0482,0.1506,0.0476,0.165
9.051818,-0.0328,0.1513,0.0464,0.162
9.070870,-0.0579,0.1792,0.0317,0.191
9.071463,-0.0148,0.1390,0.0172,0.141
9.085336,0.0145,0.1395,-0.0108,0.141
9.087799,0.0297,0.1399,0.0023,0.143
9.115789,0.0444,0.1538,0.0020,0.160
9.116489,0.0452,0.1266,0.0157,0.135
9.122251,0.0322,0.1537,0.0028,0.157
9.135986,0.0188,0.1668,0.0179,0.169
9.150587,-0.0225,0.1387,0.0064,0.141
9.151186,-0.0101,0.1376,-0.0046,0.138
9.167610,-0.0525,0.1363,0.0118,0.147
9.168138,-0.0539,0.1214,0.0283,0.136
9.187102,-0.0688,0.1338,0.0447,0.157
9.215348,-0.0698,0.1327,0.0064,0.150
9.215742,-0.0433,0.1454,0.0360,0.156
9.215946,-0.0303,0.1308,0.0109,0.135
9.220735,-0.0169,0.1573,0.0130,0.159
9.234861,-0.0164,0.1430,-0.0123,0.144
9.238338,0.0118,0.1560,0.0034,0.156
9.250011,0.0266,0.1418,0.0326,0.148
9.266494,0.0140,0.1412,0.0345,0.146
9.268560,0.0011,0.1407,0.0906,0.167
9.284803,0.0016,0.1402,0.0921,0.168
9.288961,-0.0117,0.1397,0.0798,0.161
9.317504,-0.0251,0.1257,0.0674,0.145
9.318003,-0.0115,0.1253,0.0820,0.150
9.318242,0.0015,0.1250,0.0825,0.150
9.328625,-0.0131,0.1521,0.0825,0.174
9.338280,-0.0008,0.1384,-0.0130,0.139
9.346840,-0.0158,0.1382,-0.1220,0.185
9.359074,-0.0170,0.1788,-0.0808,0.197
9.368140,0.0229,0.1921,0.0013,0.193
9.379060,0.0354,0.2190,0.0835,0.237
9.400122,0.0072,0.1778,0.0842,0.197
9.400596,0.0062,0.1228,0.0580,0.136
9.408189,-0.0492,0.0540,0.0729,0.103
9.418502,-0.0500,0.0535,0.1421,0.160
9.428003,-0.0779,0.0532,0.1700,0.194
9.438558,-0.1057,0.1211,0.2248,0.276
9.447883,-0.0787,0.1619,0.1159,0.214
9.458770,-0.0379,0.2028,0.0070,0.206
9.469589,0.0034,0.2301,-0.0749,0.242
9.479288,0.0040,0.2167,-0.1569,0.268
9.501409,0.0454,0.2304,-0.1297,0.268
9.501933,0.0459,0.2030,-0.0884,0.226
9.509926,0.0462,0.1620,-0.0469,0.175
9.519517,0.0328,0.1345,0.0220,0.140
9.528178,0.0056,0.1203,0.0233,0.123
9.540480,-0.0080,0.1194,0.0258,0.122
9.556870,-0.0085,0.1293,0.0354,0.134
9.566963,-0.0367,0.1540,0.0552,0.168
9.577729,-0.0109,0.1925,0.0474,0.199
9.599178,-0.0127,0.1768,0.0795,0.194
9.599660,-0.0009,0.1478,0.1106,0.185
9.608968,-0.0162,0.1328,0.0729,0.152
9.618567,-0.0447,0.1180,0.0481,0.135
9.628263,-0.0591,0.1174,0.0495,0.140
9.641238,-0.0188,0.1036,0.0361,0.111
9.647950,-0.0329,0.1310,0.0356,0.140
9.658570,-0.0060,0.1177,0.1027,0.156
9.668350,-0.0468,0.1319,0.1285,0.190
9.678441,-0.0328,0.1597,0.0724,0.178
9.687624,-0.0323,0.1467,0.0439,0.156
9.697724,-0.0451,0.1609,-0.0117,0.167
9.714016,-0.0170,0.1613,-0.0262,0.164
9.717730,-0.0296,0.1617,-0.0268,0.167
9.727477,-0.0150,0.1482,0.0004,0.149
9.738873,-0.0278,0.1617,0.0148,0.165
9.747837,-0.0406,0.1476,0.0434,0.159
9.758183,-0.0127,0.1335,0.0721,0.152
9.768259,0.0016,0.1195,0.0597,0.134
9.778458,0.0157,0.1463,0.0747,0.165
9.798208,-0.0112,0.1457,0.0626,0.159
9.798675,-0.0110,0.1179,0.0506,0.129
9.807660,-0.0382,0.1446,0.0794,0.169
9.818835,-0.0247,0.1577,0.0806,0.179
9.827846,-0.0520,0.1301,0.0953,0.169
9.838316,-0.0384,0.1434,0.0687,0.164
9.848398,-0.0382,0.1570,0.0689,0.176
9.856972,-0.0381,0.1435,0.0549,0.158
9.868447,-0.0243,0.1303,0.0675,0.149
9.878848,0.0030,0.1580,0.0256,0.160
9.900210,0.0032,0.1447,0.0247,0.147
9.900689,-0.0103,0.1041,0.0378,0.111
9.906786,-0.0238,0.1451,0.0509,0.156
9.917704,-0.0235,0.1181,0.0642,0.136
9.928649,-0.0232,0.1455,0.0638,0.161
9.940872,-0.0365,0.1320,0.0636,0.151
9.948229,-0.0361,0.1321,0.0907,0.164
9.959006,0.0050,0.1458,0.0905,0.172
9.967971,-0.0085,0.1595,0.0495,0.167
9.978427,-0.0083,0.1188,0.0493,0.129
9.997141,-0.0083,0.1597,0.0356,0.164
9.997703,0.0187,0.1733,0.0627,0.185
10.007023,0.0047,0.1188,0.0898,0.149
10.019117,-0.0502,0.1325,0.0351,0.146
10.028164,-0.0639,0.1189,-0.0467,0.143
10.037912,-0.0367,0.1189,-0.0196,0.126
10.047547,-0.0231,0.1734,0.0620,0.186
10.058146,0.0177,0.2007,0.1301,0.240
10.067300,0.0176,0.1734,0.1165,0.210
10.079792,0.0039,0.1189,0.0894,0.149
10.098390,-0.0099,0.0916,0.1030,0.138
10.098879,-0.0510,0.0236,0.1845,0.193
10.108367,-0.0511,0.0373,0.2115,0.221
10.118371,-0.0918,0.1194,0.1969,0.248
10.129419,-0.0778,0.1747,0.0995,0.216
10.138944,-0.0637,0.1894,0.0016,0.200
10.147015,-0.0633,0.2041,-0.0963,0.234
10.158729,-0.0354,0.2322,-0.0985,0.255
10.167701,0.0062,0.2193,-0.0728,0.231
10.180380,0.0478,0.2061,-0.0329,0.214
10.193387,0.0892,0.1521,0.0343,0.180
10.197338,0.0759,0.1250,0.0475,0.154
10.218542,0.0487,0.0977,0.0342,0.114
10.219054,0.0487,0.1107,0.0222,0.123
10.228291,0.0213,0.1503,0.0391,0.157
10.239189,0.0071,0.1621,0.0163,0.163
10.247818,-0.0080,0.2009,0.0349,0.204
10.258268,-0.0239,0.1852,0.0802,0.203
10.269124,-0.0539,0.1698,0.0703,0.191
10.279869,-0.0160,0.1819,0.0324,0.185
10.296359,-0.0189,0.1396,0.0350,0.145
10.298121,0.0058,0.1113,0.0505,0.122
10.314822,-0.0235,0.1106,0.0789,0.138
10.319749,-0.0251,0.0830,0.1200,0.148
10.328740,-0.0401,0.1239,0.1195,0.177
10.340289,-0.0684,0.1242,0.1183,0.185
10.350183,-0.0551,0.1247,0.0896,0.163
10.360858,-0.0680,0.1526,0.0066,0.167
10.369541,-0.0530,0.1804,-0.0217,0.189
10.392132,-0.0226,0.1677,-0.0504,0.177
10.396792,-0.0213,0.1544,0.0039,0.156
10.406845,-0.0336,0.1681,0.0586,0.181
10.418136,-0.0323,0.1544,0.0865,0.180
10.427851,-0.0174,0.1134,0.1008,0.153
10.437389,-0.0298,0.1269,0.1016,0.165
10.447812,-0.0286,0.1404,0.0888,0.169
10.457832,-0.0276,0.1401,0.0763,0.162
10.468243,0.0005,0.1398,0.0910,0.167
10.477818,0.0012,0.1531,0.0783,0.172
10.494469,0.0018,0.1394,0.1062,0.175
10.497244,0.0294,0.1529,0.0657,0.169
10.509403,-0.0115,0.1665,0.0522,0.175
10.518876,-0.0118,0.1530,0.0380,0.158
10.528220,-0.0124,0.1534,0.0369,0.158
10.541476,0.0004,0.1401,0.0221,0.142
10.548187,-0.0142,0.0995,0.0483,0.112
10.558025,-0.0287,0.1133,0.0475,0.126
10.568992,-0.0431,0.0998,0.0605,0.124
10.578374,-0.0574,0.1000,0.1007,0.153
10.587965,-0.0850,0.0866,0.1545,0.196
10.598426,-0.0716,0.1413,0.1264,0.203
10.615356,-0.0716,0.1280,0.0984,0.177
10.616929,-0.0303,0.1556,0.0704,0.173
10.628835,0.0387,0.1969,0.0561,0.208
10.638528,0.0938,0.2245,0.0145,0.244
10.647577,0.0941,0.1976,0.0001,0.219
10.658343,0.0939,0.1842,0.0130,0.207
10.668260,0.0392,0.1708,0.0124,0.176
10.679427,-0.0020,0.1572,-0.0151,0.158
10.698480,-0.0709,0.1299,0.0257,0.150
10.698941,-0.0855,0.1297,0.0804,0.175
10.707229,-0.0867,0.1157,0.0808,0.166
10.718827,-0.0743,0.1017,0.0814,0.150
10.728263,-0.0483,0.1148,0.0008,0.125
10.737938,-0.0358,0.1002,-0.1197,0.160
10.747438,-0.0094,0.1397,-0.0757,0.159
10.759311,-0.0100,0.1928,0.0366,0.197
10.768461,-0.0106,0.2189,0.1347,0.257
10.779365,-0.0107,0.1909,0.1502,0.243
10.787180,-0.0509,0.1224,0.1243,0.182
10.799191,-0.1038,0.0406,0.1524,0.189
10.808546,-0.1151,0.0134,0.2211,0.250
10.818675,-0.0986,0.0412,0.2479,0.270
10.828488,-0.0686,0.0969,0.2050,0.237
10.837685,-0.0389,0.1666,0.0927,0.195
10.847763,-0.0367,0.1955,0.0073,0.199
10.858351,-0.0347,0.2245,-0.0918,0.245
10.869387,0.0079,0.2533,-0.0816,0.266
10.876974,0.0231,0.2409,-0.0571,0.249
10.898372,0.0789,0.2146,-0.0453,0.233
10.898799,0.0801,0.1607,0.0080,0.180
10.906770,0.0809,0.1203,-0.0065,0.145
10.919522,0.0267,0.1204,0.0068,0.124
10.927893,0.0126,0.1063,0.0217,0.109
10.938011,-0.0159,0.1457,0.0114,0.147
10.947874,0.0093,0.1571,0.0164,0.158
10.958050,-0.0070,0.1817,0.0223,0.183
10.968493,-0.0100,0.1791,0.0280,0.182
10.978918,0.0004,0.1904,0.0057,0.190
10.987579,0.0107,0.1747,0.0235,0.177
10.997092,0.0076,0.1592,0.0135,0.160
11.025960,0.0185,0.1440,0.0303,0.148
11.026540,-0.0246,0.1154,0.0738,0.139
11.026847,-0.0399,0.0872,0.1030,0.141
11.037395,-0.0821,0.1003,0.1448,0.194
11.049572,-0.0967,0.0865,0.1311,0.184
11.069373,-0.0835,0.1140,0.1167,0.183
11.070149,-0.0693,0.1282,0.0883,0.170
11.085661,-0.0272,0.1697,0.0462,0.178
11.088241,-0.0799,0.1976,0.0315,0.215
11.103146,-0.0370,0.2119,0.0032,0.215
11.136122,-0.0212,0.2125,-0.0112,0.214
11.136603,-0.0055,0.1722,-0.0255,0.174
11.136926,0.0237,0.1590,0.0149,0.161
11.144401,0.0253,0.1321,0.0146,0.135
11.149869,0.0673,0.1458,0.0149,0.161
11.166568,0.0544,0.1319,0.0431,0.149
11.170233,0.0277,0.1722,0.0856,0.194
11.184232,0.0141,0.1713,0.0470,0.178
11.201716,0.0130,0.1429,0.0631,0.157
11.237916,-0.0052,0.1543,0.1081,0.188
11.238377,0.0189,0.1261,0.0687,0.145
11.238593,0.0020,0.1252,0.0971,0.158
11.244241,0.0124,0.1380,0.0708,0.156
11.248326,0.0094,0.1511,0.0574,0.162
11.265887,-0.0205,0.1237,0.0705,0.144
11.268904,-0.0091,0.1375,0.0829,0.161
11.285086,-0.0246,0.1107,0.0947,0.148
11.288230,-0.0672,0.1113,0.0926,0.160
11.300827,-0.0411,0.1256,0.0633,0.147
11.332578,-0.0146,0.1263,0.0612,0.141
11.332994,0.0123,0.1542,0.0594,0.166
11.333173,0.0391,0.1547,0.0443,0.166
11.337932,0.0114,0.1416,0.0701,0.158
11.347128,0.0109,0.1420,0.0689,0.158
11.358004,-0.0168,0.1423,0.0679,0.159
11.367245,-0.0309,0.1154,0.0806,0.144
11.376890,-0.0584,0.1292,0.0117,0.142
11.392583,-0.0315,0.1294,-0.0023,0.133
11.398204,-0.0181,0.1838,0.0249,0.186
11.407243,0.0226,0.1700,0.0524,0.179
11.416742,0.0630,0.1835,0.0936,0.215
11.427009,0.0080,0.1425,0.0394,0.148
11.437469,-0.0062,0.1150,-0.0147,0.116
11.447271,-0.0206,0.1417,-0.0546,0.153
11.458007,-0.0077,0.1411,0.0148,0.142
11.476546,-0.0628,0.1678,0.1251,0.218
11.478049,-0.0632,0.1400,0.1671,0.227
11.491626,-0.0635,0.0987,0.1272,0.173
11.496510,-0.0774,0.0575,0.1416,0.171
11.507834,-0.0775,0.0301,0.1420,0.165
11.518757,-0.1045,0.0303,0.1689,0.201
11.527980,-0.1037,0.0719,0.1674,0.210
11.537452,-0.0882,0.1276,0.0831,0.176
11.549125,-0.0584,0.1835,-0.0286,0.195
11.558824,-0.0687,0.1985,-0.0583,0.218
11.568900,-0.0651,0.1999,-0.0742,0.223
11.577819,-0.0339,0.1603,-0.0352,0.168
11.588078,-0.0301,0.1479,0.0176,0.152
11.597676,0.0141,0.1353,0.0707,0.153
11.618424,0.0441,0.1088,0.1242,0.171
11.618799,0.0190,0.1093,0.1372,0.176
11.630271,0.0481,0.1097,0.1776,0.214
11.638227,0.0223,0.1100,0.1228,0.166
11.648812,0.0093,0.1510,0.0684,0.166
11.659274,0.0087,0.1507,0.0551,0.161
11.668639,0.0207,0.1504,0.0690,0.167
11.678174,0.0183,0.1773,0.0826,0.197
11.687607,0.0019,0.1498,0.0825,0.171
11.698030,-0.0009,0.1361,0.0680,0.152
11.716379,0.0098,0.1364,0.0934,0.166
11.717546,-0.0065,0.0826,0.0908,0.123
11.728110,-0.0090,0.0971,0.1149,0.151
11.739486,-0.0520,0.0844,0.1525,0.182
11.747720,-0.0266,0.0853,0.1358,0.163
11.759005,-0.0417,0.1135,0.1464,0.190
11.767299,-0.0155,0.1282,0.1161,0.174
11.777646,-0.0297,0.1429,0.0449,0.153
11.788175,-0.0435,0.1576,0.0420,0.169
11.797624,-0.0295,0.1451,0.0393,0.153
11.814598,-0.0018,0.1325,0.0640,0.147
11.817375,-0.0014,0.1471,0.0753,0.165
11.827743,-0.0281,0.1345,0.1137,0.178
11.838443,-0.0683,0.1355,0.0976,0.180
11.847523,-0.0673,0.1366,0.1087,0.187
11.860784,-0.0663,0.1104,0.0929,0.159
11.869288,-0.0379,0.1113,0.1044,0.157
11.878678,-0.0368,0.1122,0.0890,0.148
11.894588,-0.0628,0.1130,0.1009,0.164
11.898483,-0.0342,0.1410,0.0857,0.169
11.915120,0.0079,0.1418,0.0567,0.153
11.918118,0.0088,0.1563,0.0414,0.162
11.928390,-0.0176,0.1298,0.0396,0.137
11.939705,-0.0032,0.1442,0.0651,0.158
11.948397,-0.0024,0.1313,0.1043,0.168
11.960222,-0.0426,0.1321,0.1160,0.181
11.969551,-0.0284,0.1193,0.1140,0.167
11.979189,-0.0279,0.1066,0.0848,0.139
11.995598,-0.0411,0.1210,0.0964,0.160
11.998707,-0.0272,0.1353,0.0673,0.154
12.018533,-0.0272,0.1637,0.0372,0.170
12.027989,-0.0408,0.1369,0.0225,0.145
12.037683,0.0002,0.1373,0.0623,0.151
12.047922,-0.0269,0.1376,0.0887,0.166
12.059271,-0.0131,0.1107,0.1014,0.151
12.067112,-0.0538,0.1111,0.1142,0.168
12.078752,-0.0399,0.1250,0.0861,0.157
12.088627,-0.0393,0.1255,0.1124,0.173
12.098182,-0.0250,0.1261,0.1247,0.179
12.116262,0.0028,0.1404,0.1365,0.196
12.117061,-0.0240,0.1278,0.1342,0.187
12.127190,-0.0100,0.1287,0.0228,0.131
12.137484,-0.0097,0.1297,0.0204,0.132
12.146748,-0.0094,0.1307,0.0859,0.157
12.157012,-0.0227,0.1591,0.1239,0.203
12.168362,-0.0089,0.1467,0.1886,0.239
12.177533,-0.0360,0.1210,0.1711,0.213
12.187046,-0.0223,0.0951,0.0721,0.121
12.196857,-0.0223,0.0827,0.0279,0.090
12.216385,-0.0087,0.1111,0.0521,0.123
12.216755,0.0183,0.1665,0.0631,0.179
12.228150,-0.0093,0.1673,0.0880,0.189
12.238806,-0.0505,0.1817,0.0588,0.198
12.246743,-0.0643,0.1959,-0.0247,0.208
12.256571,-0.0643,0.1691,-0.0803,0.198
12.267394,-0.0914,0.1828,-0.1212,0.238
12.277126,-0.0502,0.2095,-0.1062,0.240
12.287659,-0.0226,0.2084,-0.0757,0.223
12.296912,0.0595,0.2066,-0.0437,0.219
12.314388,0.1006,0.1773,0.0028,0.204
12.316900,0.1006,0.1616,0.0356,0.194
12.327175,0.0868,0.1323,0.0275,0.161
12.340311,0.0727,0.1302,-0.0079,0.149
12.348355,0.0445,0.1416,-0.0159,0.149
12.357944,-0.0118,0.1664,-0.0238,0.168
12.369298,-0.0414,0.1776,0.0091,0.183
12.377537,-0.0442,0.1616,0.0142,0.168
12.387787,-0.0337,0.1731,0.0052,0.176
12.398602,-0.0370,0.1575,-0.0317,0.165
12.415098,-0.0265,0.1557,-0.0281,0.160
12.416736,-0.0290,0.1541,0.0432,0.163
12.426656,-0.0173,0.1391,0.0461,0.148
12.437768,-0.0460,0.1243,0.0623,0.146
12.447971,-0.0336,0.1369,0.0646,0.155
12.458230,-0.0478,0.1224,0.0395,0.137
12.467843,-0.0472,0.1626,0.0414,0.174
12.477272,-0.0320,0.1893,-0.0112,0.192
12.488195,-0.0166,0.1753,-0.0095,0.176
12.499177,0.0119,0.1612,-0.0078,0.162
12.515901,-0.0008,0.1607,0.0075,0.161
12.518055,0.0134,0.1601,0.0094,0.161
12.527779,0.0002,0.1594,0.0248,0.161
12.540873,-0.0268,0.1315,0.0402,0.140
12.547876,-0.0130,0.1309,0.0420,0.138
12.559990,-0.0403,0.1301,0.0439,0.143
12.568533,-0.0268,0.1429,0.0596,0.157
12.578679,-0.0135,0.1421,0.0344,0.147
12.587653,-0.0547,0.1549,0.0229,0.166
12.599537,-0.0278,0.1268,0.0113,0.130
12.616429,-0.0144,0.1396,0.0132,0.141
12.617264,-0.0282,0.1526,0.0149,0.156
12.627576,-0.0283,0.1384,0.0437,0.148
12.638995,-0.0284,0.1379,0.0313,0.144
12.647100,-0.0146,0.1238,0.0324,0.129
12.659259,-0.0142,0.1371,0.0199,0.139
12.668105,-0.0544,0.1231,0.0073,0.135
12.677761,-0.0129,0.1636,0.0086,0.164
12.687927,-0.0122,0.1631,0.0101,0.164
12.698472,-0.0253,0.1761,0.0391,0.182
12.716285,-0.0111,0.1755,0.0410,0.181
12.719019,0.0028,0.1612,0.0564,0.171
12.727410,-0.0105,0.1606,0.0716,0.176
12.740853,-0.0104,0.1329,0.0594,0.146
12.748361,-0.0104,0.1324,0.0470,0.141
12.760121,0.0031,0.1183,0.0210,0.120
12.770015,-0.0109,0.1586,0.0222,0.161
12.779141,-0.0250,0.1581,0.0370,0.164
12.795788,-0.0120,0.1712,0.0790,0.189
12.800519,-0.0262,0.1163,0.1072,0.160
12.815767,-0.0404,0.1295,0.0126,0.136
12.819339,-0.0543,0.1156,-0.0685,0.145
12.838346,-0.0411,0.1423,0.0008,0.148
12.846868,-0.0276,0.1829,0.0560,0.193
12.858710,-0.0547,0.1962,0.1249,0.239
12.868501,-0.0270,0.1551,0.0849,0.179
12.880072,-0.0262,0.0868,0.0857,0.125
12.892663,-0.0252,0.0731,0.1133,0.137
12.897236,-0.0241,0.0597,0.1542,0.167
12.923322,-0.0229,0.0735,0.1813,0.197
12.923673,-0.0761,0.1420,0.1672,0.232
12.929576,-0.0611,0.1834,0.0708,0.206
12.937910,-0.0326,0.1980,0.0144,0.201
12.947268,-0.0315,0.2126,-0.0287,0.217
12.966642,0.0104,0.2271,-0.0986,0.248
12.967184,0.0249,0.1732,-0.0589,0.185
12.985664,0.0665,0.1599,-0.0051,0.173
12.988243,0.0398,0.1329,0.0354,0.143
13.003512,0.0125,0.1330,0.0351,0.138
13.031468,-0.0015,0.1329,0.0353,0.137
13.031939,0.0112,0.1323,0.0365,0.138
13.032162,0.0507,0.1447,0.0389,0.158
13.037892,0.0486,0.1295,0.0560,0.149
13.047830,0.0322,0.1686,0.0731,0.187
13.066373,0.0019,0.1534,0.0899,0.178
13.068465,-0.0557,0.1656,0.0923,0.198
13.086751,-0.0584,0.1509,0.0534,0.170
13.087646,-0.0469,0.1226,0.0279,0.134
13.105636,-0.0486,0.1083,-0.0253,0.121
13.131811,-0.0499,0.1214,0.0028,0.131
13.132222,-0.0102,0.1482,0.0306,0.152
13.132425,-0.0110,0.1344,0.0581,0.147
13.137650,-0.0250,0.1343,0.0991,0.169
13.148378,-0.0383,0.1207,0.0582,0.139
13.167941,-0.0509,0.1481,0.0446,0.163
13.168553,-0.1169,0.1348,0.0583,0.188
13.186093,-0.1005,0.1487,0.0584,0.189
13.188503,-0.0433,0.1354,0.0313,0.146
13.201896,-0.0002,0.1220,0.0180,0.123
13.230951,0.0560,0.1356,-0.0222,0.148
13.231422,0.0572,0.1491,0.0330,0.163
13.231623,0.0309,0.1761,0.0202,0.180
13.237408,0.0043,0.1623,0.0618,0.174
13.247048,0.0045,0.1757,0.0761,0.192
13.260928,0.0042,0.1618,0.0632,0.174
13.267908,0.0035,0.1342,0.1047,0.170
13.278395,0.0024,0.1202,0.1052,0.160
13.295053,-0.0535,0.1062,0.0921,0.150
13.298600,-0.0686,0.1059,0.0787,0.149
13.314646,-0.0836,0.1193,0.0787,0.166
13.317345,-0.0303,0.1329,0.0510,0.146
13.327673,-0.0448,0.1467,0.0231,0.155
13.338171,-0.0183,0.1605,0.0223,0.163
13.347379,-0.0324,0.1608,0.0487,0.171
13.358895,-0.0187,0.1339,0.0207,0.137
13.367519,-0.0452,0.1342,0.0474,0.149
13.378386,-0.0438,0.1209,0.0878,0.156
13.387862,-0.0284,0.1077,0.1010,0.150
13.397616,-0.0401,0.1218,0.0597,0.141
13.415341,-0.0518,0.1222,0.0729,0.151
13.417352,-0.0229,0.1226,0.0861,0.152
13.427497,-0.0080,0.1229,0.0721,0.143
13.437462,0.0067,0.1096,0.0310,0.114
13.448536,0.0076,0.1642,0.0035,0.164
13.458004,0.0081,0.1507,0.0034,0.151
13.468759,0.0217,0.1780,0.0442,0.185
13.478017,-0.0059,0.1644,0.0849,0.185
13.487625,-0.0336,0.1371,0.0439,0.148
13.497807,-0.0206,0.1234,-0.0650,0.141
13.514902,-0.0211,0.0960,-0.0239,0.101
13.517976,0.0055,0.1502,0.0721,0.167
13.528008,0.0047,0.1906,0.1545,0.245
13.538447,0.0036,0.1494,0.1415,0.206
13.549929,0.0025,0.1218,0.1149,0.167
13.559665,0.0014,0.0669,0.1017,0.122
13.569457,-0.0269,0.0259,0.1428,0.148
13.578692,-0.0277,0.0667,0.1970,0.210
13.594736,-0.0556,0.1217,0.1818,0.226
13.599289,-0.0561,0.1636,0.1381,0.221
13.613669,-0.0294,0.2057,0.0258,0.209
13.618824,-0.0162,0.2207,-0.0595,0.229
13.628770,-0.0436,0.2218,-0.0897,0.243
13.647445,-0.0433,0.1960,-0.0796,0.216
13.659701,-0.0019,0.1692,-0.0260,0.171
13.668219,0.0394,0.1285,0.0144,0.135
13.678649,0.0261,0.1283,0.0286,0.134
13.688030,0.0127,0.1412,0.0579,0.153
13.697498,0.0128,0.1670,0.0479,0.174
13.716760,-0.0008,0.1379,0.0390,0.143
13.717242,0.0128,0.1631,0.0172,0.164
13.727567,0.0124,0.1609,0.0090,0.162
13.737795,0.0116,0.1454,0.0544,0.156
13.747227,-0.0033,0.1302,0.0851,0.156
13.758746,-0.0185,0.1425,0.0743,0.162
13.768253,-0.0069,0.1413,0.0768,0.161
13.778478,-0.0224,0.0858,0.0785,0.118
13.787656,-0.0105,0.1126,0.0655,0.131
13.797003,-0.0120,0.0854,0.1330,0.158
13.817440,-0.0404,0.1267,0.1179,0.178
13.817989,-0.0686,0.1273,0.1294,0.194
13.828178,-0.0558,0.1553,0.0457,0.171
13.837050,-0.0561,0.1559,-0.0106,0.166
13.848691,-0.0557,0.1565,-0.0392,0.171
13.858964,-0.0546,0.1707,-0.0266,0.181
13.868094,-0.0531,0.1576,0.0135,0.167
13.878083,-0.0378,0.1444,0.0403,0.155
13.887940,-0.0088,0.1311,0.0674,0.148
13.897659,-0.0479,0.1176,0.0676,0.144
13.915712,-0.0053,0.1449,0.0952,0.174
13.916902,-0.0038,0.1449,0.1094,0.182
13.926964,-0.0297,0.1585,0.0828,0.181
13.940671,-0.0150,0.1310,0.0702,0.149
13.947682,-0.0412,0.1444,0.0712,0.166
13.958583,-0.0267,0.1306,0.0718,0.151
13.968637,-0.0259,0.1305,0.0723,0.151
13.977784,-0.0253,0.1305,0.0725,0.151
13.993605,-0.0249,0.1443,0.0722,0.163
13.997173,-0.0110,0.1175,0.0441,0.126
14.016582,-0.0246,0.1588,0.0701,0.175
14.017044,-0.0245,0.1594,0.0415,0.167
14.028290,-0.0109,0.1462,0.0404,0.152
14.038462,-0.0245,0.1192,0.0261,0.124
14.047541,0.0028,0.1739,0.0256,0.176
14.058283,0.0165,0.1604,0.0252,0.163
14.068198,0.0300,0.1332,0.0523,0.146
14.077334,0.0160,0.1332,0.0796,0.156
14.087871,0.0426,0.1330,0.1070,0.176
14.097622,0.0278,0.0920,0.1207,0.154
14.118443,-0.0009,0.1055,0.0932,0.141
14.118915,-0.0297,0.1190,0.0521,0.133
14.127365,-0.0313,0.1461,0.0110,0.150
14.137714,-0.0057,0.1732,0.0107,0.174
14.147239,0.0063,0.1458,0.0106,0.146
14.159455,0.0181,0.1592,0.0241,0.162
14.168503,-0.0380,0.1317,-0.0031,0.137
14.177888,-0.0257,0.1314,-0.0573,0.146
14.188761,-0.0268,0.1446,-0.0292,0.150
14.197062,-0.0685,0.1712,0.0809,0.201
14.217727,-0.0828,0.1571,0.1908,0.261
14.218159,-0.0831,0.1432,0.1642,0.233
14.227357,-0.0689,0.0886,0.1239,0.167
14.237690,-0.0540,0.0615,0.1378,0.160
14.246821,-0.0251,0.0344,0.1652,0.171
14.258345,-0.0098,0.0483,0.1922,0.198
14.266736,0.0053,0.1036,0.1908,0.217
14.276670,-0.0475,0.1594,0.1062,0.197
14.288360,-0.0730,0.1884,0.0480,0.208
14.297398,-0.0848,0.2310,-0.0650,0.255
14.309986,-0.0827,0.2055,-0.0686,0.232
14.317149,-0.0397,0.1797,-0.0715,0.197
14.328408,0.0031,0.1263,-0.0191,0.128
14.338350,0.0047,0.1272,0.0472,0.136
14.349179,0.0332,0.1143,0.1003,0.156
14.359338,0.0069,0.1148,0.1267,0.171
14.367553,0.0214,0.1286,0.1129,0.172
14.378153,0.0221,0.1557,0.0863,0.179
14.387914,0.0088,0.1687,0.0471,0.175
14.398162,0.0222,0.1678,0.0220,0.171
14.408864,0.0349,0.1396,0.0786,0.164
14.419646,0.0467,0.1252,0.0936,0.163
14.429398,0.0305,0.1382,0.1079,0.178
14.448065,0.0108,0.1236,0.1083,0.165
14.457162,-0.0058,0.1101,0.1478,0.184
14.468141,-0.0222,0.0835,0.1588,0.181
14.478010,-0.0655,0.0981,0.1552,0.195
14.487149,-0.0404,0.0994,0.1648,0.197
14.497123,-0.0422,0.0600,0.1196,0.140
14.514368,-0.0300,0.1024,0.1150,0.157
14.517680,-0.0447,0.0906,0.0829,0.131
14.527053,-0.0452,0.1332,0.0645,0.155
14.538639,-0.0450,0.1486,0.0735,0.172
14.547655,-0.0169,0.1368,0.0965,0.168
14.557660,-0.0294,0.1657,0.0654,0.181
14.568018,-0.0008,0.1400,0.0890,0.166
14.578138,-0.0131,0.1143,0.1129,0.161
14.587909,0.0016,0.1429,0.0961,0.172
14.597177,0.0024,0.1168,0.0798,0.141
14.615587,0.0030,0.1178,0.0502,0.128
14.617698,0.0035,0.1186,0.0754,0.141
14.627117,0.0037,0.1330,0.1008,0.167
14.637083,0.0170,0.1471,0.0856,0.171
14.647516,0.0159,0.1203,0.0978,0.156
14.657583,-0.0128,0.1479,0.1236,0.193
14.667086,-0.0008,0.1482,0.1631,0.220
14.677188,-0.0432,0.1214,0.1341,0.186
14.687295,-0.0445,0.1086,0.1316,0.176
14.696459,-0.0183,0.1504,0.1013,0.182
14.716853,-0.0193,0.1107,0.0843,0.140
14.717388,-0.0338,0.1391,0.0674,0.158
14.726630,-0.0482,0.1403,0.1047,0.182
14.737037,-0.0487,0.1552,0.1011,0.192
14.747642,-0.1030,0.1157,0.0976,0.183
14.757913,-0.0885,0.1171,0.0807,0.168
14.768239,-0.0596,0.0912,0.0504,0.120
14.777566,-0.0574,0.1198,0.0342,0.137
14.792101,-0.0549,0.1482,-0.0089,0.158
14.797059,-0.0929,0.1630,0.0435,0.193
14.816921,-0.1035,0.1640,0.0692,0.206
14.817355,-0.0866,0.1648,0.0547,0.194
14.826669,-0.0829,0.1518,0.0680,0.186
14.836875,-0.0656,0.1387,0.0271,0.156
14.848476,-0.0482,0.1390,-0.0403,0.153
14.857582,-0.0037,0.1253,-0.0117,0.126
14.867873,0.0402,0.1660,0.0852,0.191
14.877660,0.0427,0.1387,0.1680,0.222
14.887384,0.0721,0.1525,0.2366,0.291
14.897684,0.0738,0.0846,0.1956,0.226
14.914457,0.0473,0.0575,0.1410,0.159
14.917102,0.0604,0.0304,0.1132,0.132
14.927388,0.0311,0.0852,0.1118,0.144
14.937580,0.0281,0.1130,0.1364,0.179
14.948074,-0.0028,0.1412,0.1189,0.185
14.959198,-0.0744,0.1560,0.0736,0.188
14.967627,-0.0912,0.1575,0.0686,0.194
14.976659,-0.0938,0.1319,0.0360,0.166
14.987322,-0.0959,0.1335,0.0444,0.170
14.996679,-0.0568,0.0941,0.0535,0.122
15.012325,-0.0171,0.1090,0.0904,0.143
15.016587,-0.0036,0.0966,0.1008,0.140
15.026366,0.0378,0.0978,0.1251,0.163
15.037084,0.0387,0.1397,0.1362,0.199
15.047827,0.0397,0.1407,0.0795,0.166
15.057716,0.0269,0.1551,0.0231,0.159
15.067435,-0.0133,0.1557,0.0081,0.157
15.076720,-0.0536,0.1562,0.0887,0.187
15.087585,-0.0396,0.1294,0.1149,0.178
15.097285,-0.0938,0.1435,0.1411,0.222
15.114361,-0.0799,0.1303,0.1264,0.198
15.118809,-0.0934,0.1036,0.1249,0.187
15.127609,-0.1068,0.1044,0.1228,0.193
15.137627,-0.0929,0.0919,0.1200,0.177
15.148299,-0.0790,0.1476,0.1167,0.204
15.159206,-0.0376,0.1488,0.0728,0.170
15.168615,-0.0498,0.1636,0.0429,0.176
15.177820,-0.0608,0.1513,0.0403,0.168
15.193077,-0.0437,0.1526,0.0107,0.159
15.198240,-0.0399,0.1267,-0.0049,0.133
15.212751,-0.0362,0.1415,0.0205,0.147
15.218233,-0.0058,0.1560,-0.0082,0.156
15.228343,-0.0033,0.1430,-0.0497,0.151
15.240328,-0.0012,0.1295,0.0051,0.130
15.248723,0.0004,0.1429,0.0064,0.143
15.266857,-0.0107,0.1550,0.0387,0.160
15.278007,-0.0100,0.1540,0.0552,0.164
15.291936,-0.0100,0.1803,0.0579,0.190
15.297090,-0.0240,0.1929,0.0603,0.204
15.314678,-0.0245,0.1512,0.0353,0.157
15.317323,0.0291,0.1503,0.0236,0.155
15.328074,0.0007,0.1223,0.0118,0.123
15.337582,0.0131,0.1351,0.0135,0.136
15.348107,0.0254,0.1208,0.0558,0.135
15.358091,0.0104,0.1338,0.0433,0.141
15.367993,0.0091,0.1741,0.0579,0.184
15.377597,-0.0195,0.1601,0.0721,0.177
15.392939,-0.0071,0.1734,0.0318,0.176
15.396761,-0.0220,0.1594,0.0324,0.164
15.414533,-0.0231,0.1454,0.0194,0.148
15.417754,-0.0241,0.1313,0.0201,0.135
15.427362,0.0158,0.1310,0.0343,0.136
15.437870,0.0012,0.1306,0.0757,0.151
15.448241,-0.0134,0.1303,0.0491,0.140
15.457407,-0.0143,0.1300,0.0224,0.133
15.467933,-0.0150,0.1568,0.0231,0.159
15.477721,-0.0021,0.1700,0.0105,0.170
15.487984,0.0110,0.1559,0.0253,0.158
15.497158,-0.0032,0.1552,0.0267,0.158
15.513889,0.0099,0.1681,-0.0531,0.177
15.518407,-0.0042,0.1399,-0.0643,0.154
15.528229,-0.0320,0.1661,0.0064,0.169
15.537525,-0.0053,0.1651,0.0769,0.182
15.547639,-0.0060,0.1643,0.1468,0.220
15.559204,0.0204,0.1092,0.1346,0.175
15.567928,-0.0213,0.0678,0.0950,0.119
15.578134,0.0186,0.0809,0.0688,0.108
15.587995,0.0039,0.0804,0.0695,0.106
15.598079,0.0027,0.1347,0.0833,0.158
15.615875,-0.0257,0.1484,0.0964,0.179
15.616700,-0.0403,0.1894,0.0411,0.198
15.626564,-0.0820,0.1897,0.0128,0.207
15.637420,-0.0827,0.1492,-0.0158,0.171
15.647191,-0.0966,0.1496,-0.0305,0.181
15.657355,-0.0827,0.1636,-0.0041,0.183
15.667285,-0.0408,0.1775,0.0227,0.184
15.677185,0.0150,0.1642,0.0633,0.177
15.692903,0.0706,0.1371,0.0497,0.162
15.697114,0.0713,0.1506,0.0501,0.174
15.712742,0.0580,0.1367,0.0375,0.153
15.718821,0.0309,0.1496,-0.0015,0.153
15.728305,-0.0100,0.1623,-0.0125,0.163
15.737633,-0.0372,0.1747,-0.0229,0.180
15.747668,-0.0374,0.1870,-0.0060,0.191
15.757452,-0.0380,0.1721,0.0108,0.177
15.768003,-0.0525,0.1437,-0.0136,0.154
15.776635,-0.0403,0.1425,0.0027,0.148
15.787172,-0.0417,0.1278,0.0052,0.134
15.797266,-0.0158,0.1130,0.0078,0.114
15.814636,-0.0166,0.1119,0.0784,0.138
15.817442,-0.0035,0.1110,0.0807,0.137
15.827972,-0.0309,0.1238,0.0827,0.152
15.837798,-0.0038,0.1231,0.0709,0.142
15.847666,-0.0172,0.1634,0.0588,0.175
15.857729,-0.0438,0.1767,0.0328,0.185
15.867471,-0.0565,0.1628,-0.0069,0.172
15.876904,-0.0417,0.1625,0.0077,0.168
15.892759,-0.0272,0.1487,-0.0051,0.151
15.897079,0.0143,0.1485,0.0366,0.154
15.914416,0.0012,0.1483,0.0101,0.149
15.917126,-0.0120,0.1345,0.0243,0.137
15.927552,0.0155,0.1343,0.0249,0.137
15.938145,-0.0117,0.1341,0.0392,0.140
15.948313,-0.0119,0.1337,0.0673,0.150
15.958171,-0.0665,0.1605,0.0549,0.182
15.968634,-0.0120,0.1599,0.0836,0.181
15.977985,-0.0257,0.1458,0.0577,0.159
15.992745,-0.0258,0.1317,0.0318,0.138
15.998870,0.0012,0.1585,0.0328,0.162
16.014616,0.0009,0.1036,0.0473,0.114
16.019482,-0.0131,0.1169,0.0343,0.123
16.028088,-0.0271,0.1167,0.0349,0.125
16.039948,-0.0137,0.1301,0.0081,0.131
16.049752,-0.0139,0.1572,0.0357,0.162
16.060242,-0.0004,0.1298,0.0224,0.132
16.078132,-0.0006,0.1567,0.0232,0.158
16.093531,-0.0007,0.1700,0.0104,0.170
16.097004,-0.0144,0.1559,0.0525,0.165
16.116533,-0.0009,0.1826,0.0267,0.185
16.116961,-0.0148,0.1411,0.0418,0.148
16.126729,-0.0424,0.1269,0.0433,0.141
16.137181,-0.0291,0.1398,-0.0094,0.143
16.147798,-0.0295,0.1390,-0.0074,0.142
16.160495,-0.0162,0.1381,0.0083,0.139
16.167956,-0.0165,0.1509,0.0240,0.154
16.176533,-0.0304,0.1637,0.0669,0.179
16.192384,-0.0307,0.1221,0.0686,0.143
16.196786,-0.0445,0.1215,-0.0387,0.135
16.208407,-0.0443,0.1344,-0.0776,0.161
16.216454,-0.0167,0.1472,-0.0073,0.148
16.226505,0.0110,0.2009,0.0630,0.211
16.236578,0.0115,0.1865,0.0925,0.208
16.247798,0.0118,0.1313,0.0808,0.155
16.257752,-0.0017,0.0898,0.0689,0.113
16.268416,-0.0425,0.0485,0.1111,0.128
16.277274,-0.0560,0.0617,0.1938,0.211
16.292369,-0.1104,0.0887,0.2353,0.275
16.296375,-0.0966,0.1434,0.1802,0.250
16.306453,-0.0420,0.1713,0.0561,0.185
16.317716,-0.0283,0.2129,-0.0684,0.225
16.326717,-0.0280,0.2000,-0.1382,0.245
16.340565,-0.0003,0.2141,-0.1122,0.242
16.346598,0.0140,0.2008,-0.0855,0.219
16.356605,0.0554,0.1738,-0.0450,0.188
16.367258,0.0694,0.1466,0.0094,0.163
16.377187,0.0288,0.1328,0.0238,0.138
16.390678,0.0153,0.1185,0.0528,0.131
16.396585,0.0152,0.1309,0.0559,0.143
16.408910,-0.0122,0.1428,0.0602,0.155
16.418675,-0.0264,0.1543,0.0382,0.161
16.428828,-0.0005,0.1521,0.0435,0.158
16.439624,0.0112,0.1637,0.0344,0.168
16.447709,0.0088,0.1484,0.0381,0.153
16.456464,-0.0073,0.1741,0.0274,0.176
16.467361,-0.0369,0.1455,0.0028,0.150
16.477123,-0.0115,0.1309,0.0320,0.135
16.487166,-0.0266,0.1302,0.0332,0.137
16.496888,-0.0277,0.1026,0.1017,0.147
16.515396,-0.0560,0.1025,0.0881,0.146
16.517810,-0.0294,0.1026,0.1149,0.157
16.526679,-0.0159,0.1163,0.0737,0.139
16.537519,-0.0159,0.1301,0.0189,0.132
16.546540,-0.0157,0.1710,-0.0221,0.173
16.563258,-0.0153,0.1983,-0.0222,0.200
16.567931,-0.0421,0.1847,-0.0084,0.190
16.576995,-0.0414,0.1573,-0.0077,0.163
16.587772,-0.0271,0.1297,0.0206,0.134
16.598076,-0.0263,0.1158,0.0491,0.128
16.611860,-0.0392,0.1154,0.0638,0.138
16.617781,-0.0248,0.1287,0.0649,0.146
16.632895,-0.0378,0.1556,0.0933,0.185
16.636942,-0.0236,0.1416,0.0809,0.165
16.647020,-0.0367,0.1684,0.0822,0.191
16.657352,-0.0090,0.1407,0.0835,0.164
16.668664,-0.0221,0.1404,0.0573,0.153
16.676647,-0.0080,0.1401,0.0445,0.147
16.689349,-0.0212,0.1264,0.0314,0.132
16.697092,-0.0072,0.1264,0.0042,0.127
16.710744,-0.0205,0.1265,0.0448,0.136
16.717489,-0.0338,0.1540,0.0579,0.168
16.733622,-0.0336,0.1542,0.0574,0.168
16.736839,-0.0198,0.1137,0.0977,0.151
16.747016,-0.0332,0.1139,0.0835,0.145
16.759546,-0.0058,0.1277,0.0830,0.152
16.769508,-0.0194,0.1279,0.0554,0.141
16.777791,-0.0329,0.1280,0.0278,0.135
16.791153,-0.0191,0.1418,0.0819,0.165
16.798015,-0.0326,0.1283,0.0544,0.143
16.810278,-0.0052,0.1557,0.0405,0.161
16.818341,-0.0051,0.1422,0.0538,0.152
16.832836,-0.0186,0.1287,0.0535,0.141
16.837809,-0.0049,0.1289,-0.0013,0.129
16.848395,-0.0048,0.1426,0.0121,0.143
16.858091,-0.0047,0.1291,0.0255,0.132
16.876536,-0.0183,0.1427,0.0527,0.153
16.886997,-0.0184,0.1699,0.1346,0.217
16.897544,-0.0322,0.1290,0.1210,0.180
16.908286,-0.0460,0.1289,-0.0151,0.138
16.916569,-0.0460,0.1014,-0.0553,0.124
16.932649,-0.0596,0.1419,0.0002,0.154
16.937563,-0.0051,0.1687,0.0965,0.194
16.947463,0.0221,0.2093,0.1246,0.245
16.958714,-0.0052,0.1409,0.1117,0.180
16.967789,0.0084,0.0589,0.1259,0.139
16.977496,-0.0596,0.0179,0.1262,0.141
16.989034,-0.0730,0.0318,0.1939,0.210
16.997512,-0.0590,0.0870,0.1920,0.219
17.011319,-0.0585,0.1427,0.1211,0.196
17.017943,-0.0306,0.1847,0.0365,0.191
17.034743,-0.0163,0.2130,-0.0749,0.226
17.040659,-0.0020,0.2139,-0.0770,0.227
17.046714,0.0257,0.2283,-0.0651,0.239
17.058596,0.0260,0.1881,-0.0121,0.190
17.068287,0.0263,0.1477,0.0140,0.151
17.077935,0.0401,0.1070,0.0680,0.133
17.091671,-0.0006,0.1205,0.0683,0.139
17.097900,-0.0142,0.0929,0.0286,0.098
17.112078,-0.0419,0.1328,0.0307,0.143
17.117313,-0.0018,0.1723,0.0068,0.172
17.134584,0.0107,0.1706,0.0244,0.173
17.142025,-0.0044,0.1688,0.0285,0.171
17.147832,0.0075,0.1536,0.0456,0.160
17.158960,0.0193,0.1522,0.0483,0.161
17.167773,-0.0098,0.1375,0.0234,0.140
17.178610,-0.0249,0.1638,0.0253,0.168
17.188379,-0.0398,0.1222,0.0540,0.139
17.196884,-0.0407,0.1216,0.0687,0.145
17.212241,-0.0552,0.1076,0.1102,0.164
17.217905,-0.0286,0.0939,0.1374,0.169
17.234568,-0.0425,0.1213,0.0961,0.160
17.237088,-0.0425,0.1352,0.0546,0.152
17.246766,-0.0691,0.1491,-0.0141,0.165
17.258798,-0.0680,0.1494,-0.0416,0.169
17.267905,-0.0257,0.1633,-0.0146,0.166
17.279037,-0.0376,0.1635,0.0262,0.170
17.289457,-0.0493,0.1638,0.0263,0.173
17.297935,-0.0202,0.1367,0.0946,0.167
17.311227,-0.0185,0.1097,0.0947,0.146
17.317921,-0.0306,0.1235,0.0812,0.151
17.340520,-0.0156,0.1372,0.0813,0.160
17.340848,-0.0281,0.1237,0.0952,0.159
17.347566,0.0002,0.1373,0.0820,0.160
17.362766,0.0012,0.1373,0.0687,0.154
17.366935,0.0018,0.1372,0.0826,0.160
17.380676,-0.0387,0.1236,0.0828,0.154
17.388410,-0.0114,0.1100,0.0690,0.130
17.401329,-0.0115,0.1238,0.0550,0.136
17.420008,-0.0254,0.1241,0.0405,0.133
17.420665,0.0015,0.1382,0.0529,0.148
17.452722,0.0146,0.1386,0.0652,0.154
17.453254,0.0003,0.1391,0.0774,0.159
17.453488,-0.0004,0.1531,0.0761,0.171
17.458978,-0.0149,0.1125,0.0478,0.123
17.468039,-0.0292,0.0992,0.0740,0.127
17.486130,-0.0569,0.1131,0.0594,0.140
17.504320,-0.0436,0.1407,0.0585,0.159
17.504967,-0.0302,0.1546,0.0442,0.164
17.519196,-0.0441,0.1547,0.0300,0.164
17.519857,-0.0033,0.1684,0.0298,0.171
17.556588,-0.0170,0.1412,0.0297,0.145
17.557013,0.0375,0.1548,0.0298,0.162
17.557231,-0.0034,0.1275,0.0300,0.131
17.562640,-0.0035,0.1137,0.0713,0.134
17.568657,-0.0171,0.1135,0.0716,0.135
17.585300,-0.0307,0.1134,0.0176,0.119
17.603007,-0.0442,0.1404,0.0319,0.151
17.603732,-0.0305,0.1401,0.0463,0.151
17.620253,-0.0168,0.1534,0.0607,0.166
17.621057,-0.0304,0.1532,0.1022,0.187
17.651319,-0.0440,0.1394,0.0890,0.171
17.651712,-0.0576,0.0984,-0.0195,0.116
17.651910,-0.0439,0.1391,-0.0464,0.153
17.658908,-0.0165,0.1525,-0.0050,0.153
17.669744,-0.0027,0.1932,0.1044,0.220
17.684776,-0.0159,0.1931,0.1320,0.234
17.702808,-0.0014,0.1522,0.1461,0.211
17.717663,-0.0283,0.0706,0.1324,0.153
17.718278,-0.0144,0.0164,0.1455,0.147
17.750693,-0.0413,0.0171,0.1982,0.203
17.751091,-0.0546,0.0727,0.1681,0.191
17.751273,-0.0407,0.1695,0.1102,0.206
17.758541,-0.0132,0.1846,0.0247,0.187
17.768102,-0.0130,0.1996,-0.0742,0.213
17.778785,0.0007,0.2280,-0.0773,0.241
17.793390,-0.0129,0.2153,-0.0523,0.222
17.797137,0.0279,0.1751,0.0140,0.178
17.809123,0.0414,0.1484,0.0261,0.156
17.817932,0.0409,0.1215,0.0388,0.134
17.829850,0.0266,0.1078,0.0252,0.114
17.837613,0.0121,0.1344,0.0266,0.138
17.849761,0.0110,0.1467,0.0159,0.148
17.858248,-0.0175,0.1858,-0.0073,0.187
17.868206,-0.0189,0.1702,0.0381,0.175
17.878141,-0.0341,0.1819,0.0289,0.187
17.888592,-0.0492,0.1666,0.0599,0.184
17.897671,-0.0098,0.1516,0.0765,0.170
17.913133,-0.0248,0.1504,0.0383,0.157
17.918026,-0.0259,0.1222,0.0267,0.128
17.934720,-0.0269,0.1079,0.0690,0.131
17.940205,-0.0278,0.1075,0.0834,0.139
17.946944,-0.0284,0.0937,0.1109,0.148
17.957192,-0.0423,0.1210,0.1105,0.169
17.969580,-0.0284,0.1076,0.0419,0.119
17.977671,-0.0413,0.1352,0.0140,0.142
17.987392,-0.0539,0.1628,-0.0272,0.174
17.997758,-0.0526,0.1631,-0.0139,0.172
18.012331,-0.0513,0.1906,-0.0142,0.198
18.017707,-0.0227,0.1635,0.0268,0.167
18.034656,-0.0079,0.1362,0.0273,0.139
18.043857,0.0203,0.1496,0.0418,0.157
18.047053,-0.0060,0.1221,0.0565,0.135
18.059209,-0.0052,0.1354,0.0985,0.167
18.068721,-0.0318,0.1214,0.0725,0.145
18.076878,-0.0177,0.1482,0.1010,0.180
18.088071,-0.0173,0.1205,0.0750,0.143
18.098674,-0.0307,0.1338,0.0624,0.151
18.110808,-0.0170,0.1470,0.0769,0.167
18.116888,0.0100,0.1604,0.0503,0.168
18.133258,0.0095,0.1602,0.0641,0.173
18.141189,-0.0049,0.1058,0.0365,0.112
18.147174,-0.0057,0.1196,0.0629,0.135
18.157668,-0.0201,0.1200,0.0753,0.143
18.166895,-0.0479,0.1205,0.1010,0.164
18.176966,-0.0484,0.1074,0.0995,0.154
18.187627,-0.0488,0.1352,0.0979,0.174
18.198552,-0.0354,0.1357,0.0557,0.151
18.211124,-0.0218,0.1362,0.0544,0.148
18.217179,-0.0353,0.1503,0.0398,0.159
18.234774,0.0058,0.1234,0.0116,0.124
18.238969,-0.0075,0.1238,0.0244,0.126
18.247328,-0.0072,0.1649,0.0375,0.169
18.258813,-0.0068,0.1650,0.0101,0.165
18.268584,-0.0472,0.1379,0.0509,0.154
18.277865,-0.0194,0.1379,0.0510,0.148
18.287981,-0.0325,0.1242,0.0379,0.134
18.297755,-0.0321,0.1375,0.0116,0.142
18.311594,-0.0045,0.1506,0.0537,0.160
18.317398,0.0231,0.1638,0.0550,0.174
18.333678,0.0096,0.1225,0.0699,0.141
18.339081,0.0095,0.1220,0.0709,0.141
18.347804,-0.0046,0.1353,0.0581,0.147
18.358271,-0.0324,0.1349,0.0316,0.142
18.370157,-0.0464,0.1210,0.0867,0.156
18.378191,-0.0467,0.1481,0.0598,0.166
18.388741,-0.0468,0.1345,0.0870,0.167
18.402744,-0.0468,0.1074,0.1002,0.154
18.412812,-0.0332,0.1076,0.0315,0.117
18.418123,-0.0468,0.1215,0.0308,0.134
18.434690,-0.0466,0.1628,0.0980,0.196
18.442144,-0.0189,0.1770,0.1783,0.252
18.449077,-0.0318,0.1506,0.1763,0.234
18.459824,-0.0309,0.1108,0.1195,0.166
18.469006,-0.0432,0.0711,0.1034,0.133
18.479221,-0.0418,0.0316,0.1141,0.126
18.491841,-0.0267,0.0466,0.0973,0.111
18.508841,-0.0241,0.1043,0.1037,0.149
18.519130,-0.0094,0.1603,0.1000,0.189
18.527527,-0.0357,0.2026,-0.0123,0.206
18.537429,-0.0213,0.2038,-0.0695,0.216
18.556998,-0.0206,0.2047,-0.0990,0.228
18.557451,-0.0064,0.1919,-0.0600,0.201
18.569512,0.0077,0.1380,-0.0204,0.140
18.585658,0.0488,0.1381,0.0612,0.159
18.587739,0.0624,0.0969,0.1029,0.154
18.602835,0.0618,0.0826,0.1180,0.157
18.621042,0.0606,0.1228,0.1467,0.201
18.621810,0.0315,0.1493,0.1343,0.203
18.652986,0.0290,0.1349,0.1217,0.184
18.653539,0.0126,0.1477,0.0818,0.169
18.653829,-0.0042,0.1334,0.0554,0.144
18.659297,0.0197,0.1463,0.0696,0.163
18.668695,0.0163,0.1187,0.0694,0.138
18.687319,-0.0008,0.1187,0.0682,0.137
18.687918,-0.0177,0.1191,0.0795,0.144
18.703402,-0.0070,0.1062,0.0765,0.131
18.718395,-0.0640,0.0935,0.1006,0.151
18.722329,-0.0525,0.0944,0.1110,0.155
18.751296,-0.0405,0.1090,0.1488,0.189
18.751651,-0.0550,0.1099,0.0916,0.153
18.751813,-0.0550,0.1245,0.0755,0.156
18.757743,-0.0407,0.1255,0.0460,0.140
18.767664,-0.0530,0.1536,0.0440,0.168
18.778396,-0.0513,0.1410,0.0286,0.153
18.788554,-0.0221,0.1146,0.0542,0.129
18.797912,0.0069,0.1154,0.0391,0.122
18.808940,-0.0188,0.1026,0.0786,0.131
18.817750,-0.0579,0.0897,0.0772,0.132
18.829619,-0.0698,0.0768,0.1032,0.146
18.852229,-0.0816,0.1184,0.1019,0.176
18.852628,-0.0661,0.1055,0.1551,0.199
18.858232,-0.0779,0.1337,0.1807,0.238
18.867987,-0.0352,0.1484,0.2056,0.256
18.886027,-0.0064,0.1499,0.1614,0.220
18.888266,0.0358,0.1380,0.1165,0.184
18.901254,0.0368,0.1398,0.0306,0.148
18.917685,0.0377,0.1276,-0.0682,0.149
18.918327,0.0383,0.1151,-0.0846,0.148
18.951394,0.0114,0.1160,-0.0595,0.131
18.951767,-0.0295,0.1848,0.0204,0.188
18.951963,-0.0706,0.1853,0.0597,0.207
18.956800,-0.0981,0.2130,0.0722,0.245
18.968001,-0.0711,0.1995,0.0854,0.228
18.978958,-0.0713,0.1856,0.0587,0.207
18.990809,-0.0443,0.1441,0.0602,0.162
18.998216,-0.0036,0.1297,0.0896,0.158
19.008111,0.0234,0.1016,0.1461,0.180
19.018787,0.0505,0.1011,0.1884,0.220
19.029302,-0.0041,0.1008,0.2026,0.226
19.053581,-0.0993,0.1280,0.2029,0.260
19.054058,-0.1396,0.1009,0.2027,0.266
19.059353,-0.1522,0.1153,0.2010,0.277
19.068766,-0.0963,0.0898,0.2106,0.248
19.083710,0.0007,0.0925,0.2041,0.224
19.101744,0.0293,0.0820,0.1281,0.155
19.102390,0.0306,0.1126,0.1335,0.177
19.118631,0.0044,0.1295,0.1251,0.180
19.119258,-0.0355,0.1464,0.1031,0.183
19.136967,-0.0890,0.1358,0.0953,0.188
19.139649,-0.1287,0.1386,0.0882,0.209
19.171313,-0.0998,0.1411,-0.0404,0.177
19.171692,-0.0163,0.1705,-0.1136,0.205
19.171889,0.0398,0.2539,-0.1586,0.302
19.178643,0.0546,0.2822,-0.1200,0.311
19.202439,-0.0400,0.3094,-0.1332,0.339
19.203154,-0.1346,0.2264,-0.1160,0.288
19.223266,-0.2422,0.1289,-0.1505,0.313
19.224015,-0.2401,0.0851,-0.1420,0.292
19.235803,-0.1692,0.0546,-0.1185,0.214
19.238652,-0.0703,0.1057,-0.0672,0.144
19.261554,0.0155,0.1567,-0.0157,0.158
19.261977,0.0602,0.2213,-0.0050,0.229
19.270323,0.0635,0.2450,-0.0490,0.258
19.283105,0.0525,0.2415,-0.0797,0.260
19.300550,0.0683,0.1973,-0.0838,0.225
19.301143,0.0838,0.1805,-0.0477,0.205
19.320494,0.1135,0.1480,0.0215,0.188
19.338623,0.1258,0.1183,0.1089,0.204
19.339478,0.1214,0.0887,0.1136,0.188
19.372808,0.1009,0.0726,0.1176,0.171
19.373235,0.0791,0.1111,0.1344,0.192
19.373435,-0.0243,0.1637,0.0686,0.179
19.378513,-0.0451,0.1895,0.0425,0.199
19.388012,0.0166,0.2020,0.0021,0.203
19.412585,0.0515,0.2012,-0.0251,0.209
19.413397,0.0461,0.2004,-0.0931,0.226
19.436222,0.0139,0.1586,-0.1606,0.226
19.436873,-0.0040,0.1303,-0.2003,0.239
19.437259,0.0057,0.1565,-0.1445,0.213
19.451747,-0.0659,0.1417,-0.0882,0.179
19.482242,-0.0145,0.1399,0.0242,0.143
19.482708,0.0374,0.1512,0.0973,0.184
19.482962,0.0218,0.1214,0.1169,0.170
19.493801,0.0203,0.1189,0.1634,0.203
19.498503,-0.0355,0.1169,0.1682,0.208
19.507474,-0.0367,0.1560,0.1722,0.235
19.517473,-0.0239,0.1137,0.1483,0.188
19.529345,0.0163,0.1126,0.1238,0.168
19.538040,0.0836,0.0711,0.0569,0.124
19.546887,0.1234,0.0849,-0.0256,0.152
19.557726,0.1494,0.1537,-0.0686,0.225
19.568539,0.1342,0.2361,-0.0712,0.281
19.578831,0.0498,0.2638,-0.0867,0.282
19.587993,-0.0081,0.3045,-0.0606,0.311
19.598265,-0.0256,0.3041,-0.1154,0.326
19.612187,-0.0294,0.2763,-0.1425,0.312
19.616773,-0.0468,0.2481,-0.1686,0.304
19.636534,-0.0775,0.1916,-0.1649,0.264
19.636984,-0.1078,0.1474,-0.1166,0.217
19.648296,-0.1646,0.1293,-0.0790,0.224
19.668158,-0.2210,0.1108,-0.0128,0.248
19.668817,-0.2629,0.1059,-0.0418,0.287
19.686737,-0.2481,0.1424,-0.0576,0.292
19.687381,-0.2436,0.1387,-0.0875,0.294
19.703541,-0.1949,0.1764,-0.1178,0.288
19.720643,-0.1711,0.2146,-0.0939,0.290
19.721467,-0.2137,0.2124,-0.0570,0.307
19.737505,-0.2819,0.2379,-0.0751,0.376
19.738849,-0.3079,0.2093,-0.0393,0.374
19.772541,-0.2784,0.1810,-0.0587,0.337
19.773023,-0.2078,0.1394,-0.0105,0.250
19.773315,-0.0838,0.0978,-0.0036,0.129
19.780975,0.0382,0.1240,0.0030,0.130
19.788046,0.1171,0.0956,0.0229,0.153
19.801797,0.1942,0.1080,0.0288,0.224
19.820031,0.1886,0.1613,0.0343,0.251
19.820756,0.1400,0.2009,0.0120,0.245
19.837461,0.1289,0.2403,0.0162,0.273
19.838124,0.1276,0.2523,0.0470,0.287
19.876755,0.0550,0.1688,0.1044,0.206
19.877333,0.0347,0.1260,0.1887,0.230
19.877590,0.0266,0.0970,0.1495,0.180
19.877766,0.0311,0.0683,0.1093,0.133
19.887525,0.0355,0.1081,0.0953,0.148
19.919084,0.0809,0.1483,0.0667,0.182
19.920022,0.1404,0.1614,-0.0029,0.214
19.920371,0.1596,0.1608,-0.0450,0.231
19.949735,0.1522,0.1464,-0.0594,0.219
19.950034,0.1180,0.1184,-0.0054,0.167
19.950166,0.1113,0.1177,0.0759,0.179
19.958080,0.0505,0.1307,0.1707,0.221
19.969573,0.0036,0.1437,0.2381,0.278
19.977969,0.0115,0.1432,0.2238,0.266
19.991461,-0.0213,0.1428,0.1548,0.212
19.999490,0.0141,0.1561,0.0855,0.179
20.008389,-0.0049,0.1559,0.0298,0.159
20.017840,0.0443,0.1829,0.0420,0.193
20.027039,0.0801,0.1556,0.0541,0.183
20.038345,0.1298,0.1421,0.0248,0.194
20.047865,0.1792,0.1287,-0.0047,0.221
20.059742,0.2281,0.1152,-0.0071,0.256
20.070084,0.1945,0.1288,-0.0363,0.236
20.079708,0.1466,0.1691,-0.0513,0.230
20.092004,0.0709,0.1684,-0.0114,0.183
20.099850,0.0088,0.2084,0.0016,0.209
20.109351,-0.0259,0.1935,0.0156,0.196
20.128374,-0.0664,0.1756,-0.0060,0.188
20.137729,-0.0856,0.1593,0.0120,0.181
20.154794,-0.0769,0.1702,-0.0105,0.187
20.160216,-0.0677,0.1675,-0.0056,0.181
20.168007,-0.0984,0.1378,-0.0010,0.169
20.184952,-0.0866,0.1084,0.0171,0.140
20.187958,-0.1133,0.0932,0.0212,0.148
20.202956,-0.1780,0.0785,0.0249,0.196
20.219337,-0.2399,0.1189,0.0147,0.268
20.219947,-0.2588,0.1597,0.0316,0.306
20.236886,-0.1949,0.1598,0.0618,0.260
20.237855,-0.1580,0.1874,0.0510,0.250
20.273094,-0.0401,0.1740,0.0398,0.183
20.273543,0.0086,0.1334,0.0012,0.134
20.273757,0.0426,0.1472,-0.0241,0.155
20.281031,0.0892,0.1200,-0.0495,0.158
20.287923,0.1078,0.1199,-0.0339,0.165
20.300623,0.1121,0.1333,0.0363,0.178
20.323751,0.0877,0.1329,0.1471,0.217
20.324516,0.0205,0.1188,0.2031,0.236
20.337760,-0.0487,0.0912,0.2718,0.291
20.338480,-0.0917,0.0635,0.2721,0.294
20.372081,-0.1079,0.0768,0.2311,0.266
20.372500,-0.0835,0.0906,0.1616,0.203
20.372704,-0.0182,0.0778,0.1315,0.154
20.377838,0.0336,0.1064,0.0591,0.126
20.387694,0.0583,0.1082,0.0539,0.134
20.401446,0.0697,0.1511,-0.0062,0.167
20.419300,0.0813,0.1531,-0.0254,0.175
20.419965,0.0523,0.1550,-0.0169,0.164
20.435850,0.0235,0.1566,0.0061,0.158
20.470990,-0.0186,0.1307,0.0433,0.139
20.471450,-0.0061,0.1727,0.0810,0.191
20.471651,-0.0209,0.1598,0.1196,0.201
20.471837,-0.0084,0.1329,0.1185,0.178
20.477169,0.0177,0.1191,0.0913,0.151
20.487824,0.0303,0.0777,0.0785,0.115
20.502840,0.0287,0.0771,0.0793,0.114
20.519022,0.0129,0.1038,0.0527,0.117
20.519752,-0.0302,0.0761,0.0531,0.098
20.534520,-0.0456,0.1166,-0.0012,0.125
20.539343,-0.0469,0.1163,-0.0147,0.126
20.572494,-0.0206,0.1298,-0.0283,0.134
20.572949,-0.0213,0.1706,-0.0147,0.173
20.573139,-0.0220,0.2113,-0.0147,0.213
20.578701,0.0183,0.2112,-0.0009,0.212
20.587948,0.0313,0.1973,0.0267,0.202
20.602590,0.0442,0.2105,0.0819,0.230
20.621090,0.0162,0.1826,0.0832,0.201
20.621942,0.0019,0.1137,0.0577,0.128
20.638663,-0.0260,0.0855,0.0598,0.108
20.639333,-0.0539,0.0572,0.1028,0.129
20.671037,-0.0410,0.0428,0.1725,0.182
20.671451,-0.0960,0.0696,0.2417,0.269
20.671681,-0.1101,0.1101,0.2560,0.300
20.676757,-0.1514,0.1375,0.2009,0.287
20.688015,-0.1380,0.1657,0.1167,0.245
20.700565,-0.1241,0.2083,0.0038,0.242
20.722284,-0.0548,0.1829,-0.0682,0.203
20.722948,0.0291,0.1844,-0.1392,0.233
20.737122,0.1132,0.1719,-0.1139,0.235
20.737845,0.1425,0.1456,-0.0608,0.213
20.772345,0.1031,0.1463,0.0060,0.179
20.772771,0.0223,0.1603,0.0463,0.168
20.772966,-0.0722,0.1467,0.0874,0.185
20.780404,-0.1396,0.1053,0.0890,0.196
20.788055,-0.2069,0.0498,0.1054,0.237
20.803412,-0.1653,0.0213,0.1360,0.215
20.820561,-0.0829,0.0338,0.1933,0.213
20.821322,-0.0550,0.1149,0.2223,0.256
20.835897,-0.0000,0.1554,0.1824,0.240
20.869766,-0.1901,0.2915,0.1830,0.393
20.870185,-0.2160,0.3325,0.1421,0.421
20.870398,-0.0909,0.2791,0.1133,0.315
20.870572,-0.0191,0.1993,0.0690,0.212
20.879953,0.0261,0.1337,-0.0035,0.136
20.904141,0.1801,0.0135,-0.0212,0.182
20.904823,0.1833,0.0426,-0.0382,0.192
20.922479,0.1854,0.0985,-0.0001,0.210
20.923157,0.1053,0.1948,-0.0701,0.232
20.938255,0.0920,0.2911,-0.1948,0.362
20.968786,0.0353,0.3720,-0.3162,0.489
20.969559,0.0310,0.3964,-0.4334,0.588
20.969924,-0.0162,0.4726,-0.4905,0.681
20.978276,-0.0367,0.4649,-0.4879,0.675
20.987973,-0.0297,0.4008,-0.4265,0.586
20.999294,0.0456,0.2674,-0.3215,0.421
21.008468,0.0533,0.1198,-0.2016,0.240
21.018182,0.1025,0.0404,-0.0818,0.137
21.036896,0.0705,0.0294,-0.0579,0.096
21.060629,0.0801,0.0597,-0.0623,0.118
21.061179,0.0221,0.0772,-0.0004,0.080
21.061520,-0.0218,0.1909,0.0050,0.192
21.068502,-0.1058,0.2648,0.0354,0.287
21.085021,-0.0937,0.2853,0.0636,0.307
21.100322,-0.0268,0.2387,0.0489,0.245
21.101001,0.0672,0.0837,0.0463,0.117
21.115984,0.1744,-0.1109,0.0679,0.218
21.118225,0.1314,-0.0857,0.0446,0.163
21.132295,0.1835,-0.0318,0.0586,0.195
21.137338,0.0860,0.0232,0.0977,0.132
21.157871,-0.0390,0.1466,0.1223,0.195
21.158244,-0.0007,0.1748,0.1600,0.237
21.168036,0.0100,0.2031,0.1702,0.265
21.181838,0.0204,0.2042,0.1258,0.241
21.187900,0.0030,0.1644,0.1085,0.197
21.203376,0.0256,0.1789,0.0506,0.188
21.219019,0.0883,0.1522,0.0337,0.179
21.219771,0.0960,0.1390,0.0035,0.169
21.237342,0.0768,0.1255,-0.0125,0.148
21.237965,0.0446,0.1254,0.0268,0.136
21.261965,-0.0276,0.1252,0.0803,0.151
21.262479,-0.0446,0.1113,0.1206,0.170
21.268787,-0.1020,0.0973,0.1476,0.204
21.281541,-0.1045,0.1106,0.0248,0.154
21.287666,-0.0927,0.0968,-0.0572,0.146
21.301020,-0.1071,0.1240,-0.0028,0.164
21.318396,-0.0932,0.1239,0.0790,0.174
21.319010,-0.0244,0.1104,0.2155,0.243
21.336739,0.0040,0.0561,0.2291,0.236
21.368384,-0.0215,0.0429,0.2151,0.220
21.368937,0.0079,0.0572,0.1734,0.183
21.369412,-0.0033,0.0582,0.1449,0.156
21.369612,-0.0418,0.0732,0.1290,0.154
21.378491,-0.0803,0.1161,0.1253,0.189
21.388026,-0.1189,0.1456,0.0801,0.204
21.397351,-0.1168,0.1480,0.0347,0.192
21.410023,-0.1418,0.1640,-0.0244,0.218
21.416721,-0.0850,0.1663,-0.0287,0.189
21.428302,-0.0283,0.1274,-0.0323,0.134
21.437354,0.0281,0.1290,0.0330,0.136
21.447982,0.0706,0.1711,0.0988,0.210
21.458814,0.0039,0.1313,0.1242,0.181
21.467439,0.0187,0.0910,0.1232,0.154
21.477905,-0.0210,0.1186,0.1366,0.182
21.487057,-0.0473,0.1050,0.1367,0.179
21.499045,-0.0737,0.0915,0.1368,0.180
21.508217,-0.0591,0.0918,0.1501,0.186
21.517815,-0.0583,0.1194,0.1224,0.181
21.531651,-0.0713,0.1197,0.1219,0.185
21.537338,-0.0571,0.1202,0.0936,0.163
21.547208,-0.0568,0.1621,0.0778,0.189
21.556992,-0.0565,0.1909,0.0608,0.208
21.568424,-0.0832,0.1790,0.0708,0.210
21.577787,-0.0689,0.1534,0.0945,0.193
21.591971,-0.0676,0.1005,0.0642,0.137
21.597742,-0.0927,0.0203,0.0888,0.130
21.608726,-0.0490,-0.0328,0.0592,0.084
21.618179,-0.0323,-0.0858,0.0433,0.101
21.628382,-0.0698,-0.0025,-0.0134,0.071
21.644261,-0.0936,0.1351,-0.0427,0.170
21.647386,-0.0765,0.2314,-0.0709,0.254
21.668324,-0.0188,0.2862,-0.0432,0.290
21.668842,0.0386,0.2995,0.0130,0.302
21.678297,0.0955,0.2309,0.0967,0.268
21.688633,0.1384,0.1487,0.1121,0.232
21.698585,0.1121,0.1074,0.1136,0.192
21.709659,0.0573,0.0523,0.1011,0.127
21.719361,-0.0397,0.0381,0.1020,0.116
21.730334,-0.0690,0.0374,0.1027,0.129
21.754004,-0.0863,0.0635,0.1313,0.169
21.760102,-0.1014,0.1042,0.1447,0.205
21.768876,-0.1164,0.1320,0.1023,0.204
21.784991,-0.0767,0.1466,0.0858,0.186
21.801614,-0.0503,0.1753,0.0686,0.195
21.802258,0.0034,0.1496,0.0650,0.163
21.819022,0.0442,0.1237,0.0481,0.140
21.819685,0.0585,0.1114,0.0317,0.130
21.835799,0.0325,0.0991,0.0564,0.119
21.868862,0.0067,0.1003,0.0541,0.114
21.869537,-0.0329,0.1150,0.0657,0.136
21.869756,-0.0591,0.1295,0.0914,0.169
21.869949,-0.0990,0.1166,0.1309,0.201
21.878628,-0.0845,0.1172,0.1298,0.194
21.893443,-0.0974,0.1178,0.1287,0.200
21.898033,-0.0696,0.1047,0.1140,0.170
21.907905,-0.0554,0.0917,0.0857,0.137
21.919287,-0.0003,0.1059,0.0165,0.107
21.928433,-0.0134,0.1473,0.0154,0.149
21.938001,0.0143,0.1342,0.0279,0.138
21.947119,0.0014,0.1349,0.0675,0.151
21.963366,-0.0249,0.1492,0.1070,0.185
21.966964,-0.0373,0.1230,0.1325,0.185
21.976618,-0.0223,0.0830,0.0354,0.093
21.987298,-0.0211,0.0839,0.0203,0.089
21.997283,0.0069,0.0982,0.0463,0.109
22.009327,-0.0063,0.1260,0.1676,0.210
22.017586,-0.0604,0.1129,0.2346,0.267
22.026929,-0.0329,0.0727,0.1924,0.208
22.044375,-0.0736,0.0462,0.1499,0.173
22.046892,-0.1005,0.0608,0.1068,0.159
22.057480,-0.0999,0.0485,0.1039,0.152
22.068037,-0.1397,0.0912,0.1545,0.227
22.077708,-0.1796,0.1071,0.1497,0.257
22.089927,-0.2053,0.1231,0.1309,0.273
22.096782,-0.1614,0.1394,0.0577,0.221
22.107626,-0.1158,0.1559,0.0120,0.195
22.117432,-0.0011,0.1314,-0.0060,0.131
22.128458,0.0592,0.1474,0.0039,0.159
22.154591,0.0912,0.1359,0.0688,0.178
22.155103,0.1086,0.1377,0.1477,0.229
22.159873,0.0572,0.1255,0.1725,0.221
22.166443,0.0461,0.0996,0.1568,0.191
22.176665,-0.0063,0.1007,0.1275,0.163
22.191275,0.0219,0.1153,0.1120,0.162
22.197531,-0.0604,0.1841,0.0830,0.211
22.210760,-0.1031,0.4159,0.0273,0.429
22.216288,-0.1056,0.4429,-0.0412,0.457
22.226521,-0.0541,0.3062,-0.0002,0.311
22.242955,0.0654,0.0331,0.0684,0.100
22.246594,0.1710,-0.2806,0.1227,0.351
22.268078,0.2356,-0.4033,0.1083,0.480
22.268542,0.1503,-0.3217,0.1072,0.371
22.276439,-0.0029,-0.0493,0.0789,0.093
22.293049,-0.1826,0.3050,0.0093,0.356
